president names,schools
pres.—j. f. drake. ,"ical college, normal (s.; st.; "
pres.—john t. caldwell. ,"alabama college, montevallo (a., s.; "
pres.—r. b. draughon. ,"alabama polytechnic institute, auburn "
pres.—e. r. nayldr. ,"athens college, athens (—; meth,; "
"pres.—george r. stuart, jr. ","mingham (a., s.; meth.; coed.; "
pres.—harwell g. davis. ,"howard college, birmingham (a., s.; "
"asst, to pres.—lent s. brewster, ",pres.—harwell g. davis. 
pres.—hubert searcy. ,"huntingdon college, montgomery (s,; "
pres.—j. i. riddle. ,"judson college, marion (s.; bapt.; "
pres.—w. a. bell. ,"**miles college, birmingham (fs.; c. "
pres.—william p. donnelly. ,"spring hill college, spring hill (s.; "
pres.—a. d. beittel. ,"♦♦talladega college, talladega (a., s.; "
pres.—john m. gallalee. ,"birmingham (a., s.; st.; coed; "
pres.—dorsey whittington. ,"birmingham conservatory of music, "
pres.—walter b. jones. ,"jones law school, montgomery (—; "
pres.—f. d. patterson. ,"♦*tuskegee institute, tuskegee insti¬ "
pres.—j. a. keller. ,"state teachers college, florence (s., "
pres.—houston cole. ,"state teachers college, jacksonville "
pres.—w. w. hill. ,"state teachers college, livingston (s., "
pres.—h. councill trenholm. ,"**state teachers college, montgomery "
pres.—chas. b. smith. ,"state teachers college, troy (s., *; "
pres.—j. t. murfee. ,"marion institute, marion (s.; p.; men ; "
pres.—f. l. peterson. ,"♦*oakwood college, huntsville (s.; "
pres.—boniface seng. ,"st. bernard college, st. bernard (s.; "
pres.—f. ivi. cook. ,"snead junior college, boaz (s.; meth.; "
pres.—paul f. bechtold. ,"southern union college, wadley (—; "
pres.—a. l. jackson. ,presb.; coed.; 177). 
pres.—charles e. bunnell. ,"university of alaska, college (w.; "
pres.—harry a. brandt. ,lib.—john mehler. 
pres.—j. byron mccormick. ,"university of arizona, tucson (a., n.; "
pres.—l. a. eastburn. ,"arizona state college, flagstaff (n., "
pres.—grady gammage. ,"arizona state college, tempe (n., *; "
pres.—w. h. harless. ,"gila junior college of graham county, "
pres.—e. w. montgomery. ,"phoenix college, phoenix (n.; dist; "
pres.—lawrence a. davis. ,"mal college, pine bluff (—; st.; "
pres.—wtlliam e. morgan. ,"college, monticello (n.; st.; coed.; "
pres.—tandy washington coggs. ,"**arkansas baptist college, little rock "
pres.—john d. spragins. ,"arkansas college, batesville (—; "
pres.—w. j. edens. ,"arkansas state college, state college "
pres.—wiley lin hurie. ,"college of the ozarks, clarksville (—; "
pres.—george stuart benson. ,"harding college, searcy (—; ch. of "
pres.—matt l. ellis. ,"hendrix college, conway (a., n.; "
"pres.—john e. brown, jr. ","john brown university, siloam springs "
pres.—james r. grant. ,"ouachita college, arkadelphia (n.; "
pres.—m. lafayette harris. ,"**philander smith college, little rock "
pres.—lewis webster jones. ,"university of arkansas, fayetteville "
pres.—james e. o’connell. ,"st. john’s seminary, little rock (—; "
pres.—nolen m. irby. ,"arkansas state teachers college, con¬ "
pres.—d. d. mcbrien. ,"arkadelphia (n., *; st.; coed.; "
pres.—charlie s. wilkins. ,"agricultural and mechanical college, "
pres.—j. w. hull. ,"arkansas polytechnic college, russell¬ "
pres.—i. m. prince. ,"central college, north little rock "
pres.—j. w. ramsey. ,"fort smith junior college, fort smith "
pres.—a. loyd collins. ,"arkansas, beebe (—; st.; coed ; "
pres.—j. a. larson. ,"little rock junior college, little rock "
"pres.—s. s. morris, jr. ","♦♦shorter college, north little rock "
pres.—h. e. williams. ,dean of jackson theological semi¬ 
pres.—j. evan armstrong. ,"armstrong college, berkeley (—; p.; "
pres.—lee a. dubridge. ,"california institute of technology, "
pres.—george n. reeves. ,"los angeles 27 (w.; disc, of "
pres.—aymer j. hamilton. ,"chico state college, chico (w.; st.; "
pres.—sister m. rose emmanuella. ,"college of the holy names, oakland "
pres.—robert e. burns. ,p.; coed.; 878). 
pres.—sister m. patrick. ,"dominican college of san rafael, san "
pres.—arnold e. joyal. ,"fresno state college, fresno (a., *ed.; "
pres.—hugh m. tiner. ,"george pepperdine college, los ange¬ "
pres.—arthur s. gist. ,"humboldt state college, areata (w.; "
pres.—sister m. eucharia. ,"immaculate heart college, los angeles "
pres.—godfrey t. anderson. ,"la sierra college, arlington (w.; "
pres.—harold d. fasmacht. ,"la verne college, la verne (—; ch. "
pres.—edward j. whelan. ,"loyola university of los angeles, los "
"pres.—lynn townsend white, jr. ","mills college, oakland (a.; p.; wo.; "
pres.—sister imarie de lourdes. ,(w.; k. c.; wo.; 395). 
pres.—arthur g. coons. ,"occidental college, los angeles (a.; "
pres.—percy w. christian. ,"pacific union college, angwin (w.; s. "
"pres.—w. t. purkiser, acting. ","pasadena college, pasadena (w.; naz.; "
pres.—e. wilson lyon. ,"pomona college, claremont (a.; p.; "
"pres.—bro. austin, ",mary’s college (w.; r. c.; men; 
pres.—thomas c. mulligan. ,"st. patrick’s seminary, imenlo park "
pres.—walter r. hepner. ,"san diego state college, san diego "
pres.—mother leonor mejia. ,"san francisco (a., w.; r. c.; wo; "
pres.—j. paul leonard. ,"san francisco state college, san fran¬ "
pres.—t. w. macquarrie. ,"san jose state college, san jose (a., "
pres.—frederick hard. ,"scripps college, claremont (a., p.; "
"pres.—alvin c. enrich, acting. ","stanford university, stanford uni¬ "
pres.—robert g. sproul. ,"mt. hamilton (a.; st.; coed,; "
pres.—george h. armacost. ,"university of redlands, redlands (a.; "
pres.—william j. dunne. ,i 
pres.—william c. gianera. ,"university of santa clara, santa clara "
"pres.—fred dow fagg, jr. ","university of southern california, los "
ed. vice pres.—a. s. raubenheimer. ,"angeles (a.; p.; coed.; 16,401). "
finan. vice pres.—robert d. fisher. ,"pres.—fred dow fagg, jr. "
pres.—james forrester. ,"westmont college, santa barbara (—; "
pres.—william c. jones. ,"whittier college, whittier (a.; p.; "
pres.—sandford fleming. ,"berkeley baptist divinity school, ber¬ "
pres.—julian a. mcphee. ,san luis obispo (—; st.; men; 
pres.—george t. harding. ,"linda and los angeles (*, w.; s. "
"pres.—nagel t. miner, ","golden gate college, san francisco "
pres.—j. g. goodsell. ,"los angeles school of optometry, los "
pres.—ronald bridges. ,(* ; interdenom.; coed ; 60).—grad¬ 
pres.—william p. barr. ,"st. john’s seminary, camarillo (—; "
pres.—jesse h. baird. ,san anselmo (*; presh.; coed.; 
"pres.—miriam schumacher, ","southwestern university, los angeles "
pres.—gardiner w. spring. ,"chaffey junior college, ontario (—; "
pres.—a. j. cloud. ,"city college of san francisco, san "
pres.—sister helen bernadine. ,"college of notre dame, belmont (—; "
pres.—j. b. leraos. ,"hartnell college, salinas (—; dist.; "
pres.—g. a. collyer. ,"lassen junior college, susanville (—; "
pres.—einar william jacobsen. ,"los angeles city college, los angeles "
pres.—alton c. mamath. ,"los angeles pacific college, los an¬ "
"pres.—w’ard h, austin. ","marin junior college, kentfield (—; "
pres.—william e. kratt. ,"menlo junior college, ltd,, menlo park "
pres.—henry t. tyler. ,"modesto junior college, modesto (—; "
pres.—h. m. mcpherson. ,"napa junior college, napa (—; dist.; "
pres.—harold e. chastain. ,"placer college, auburn (—; dist; "
pres.—a. g. paul. ,"riverside college, riverside (—; dist.; "
pres.—nicholas ricciardi. ,"sacramento college, sacramento (—; "
pres.—john l. lounsbury. ,"san bernardino valley college, san "
pres.—t. w. macquarrie. ,"san jose district junior college, san "
pres.—charles s. morris. ,"san mateo junior college, san mateo "
pres.—elmer c. sandmeyer. ,"santa monica city college, santa "
pres.—floyd p. bailey. ,"santa rosa junior college, santa rosa "
"asst, to pres.—h. r. newman. ","(—; dist.; coed.; 1,137). "
pres.—george p. chaffey. ,"vallejo college, 840 nebraska st., val¬ "
pres.—l. j. williams. ,"visalia junior college, visalia (—; "
pres.—j. j. collins. ,"yuba college, marysville (—; co.; "
pres.—i. e. newsom. ,"college, fort collins (n.; st.; "
"pres.—william h. gill, acting. ","colorado college, colorado springs "
pres.—sister frances marie. ,"loretto heights college, loretto (n.; "
pres.—raphael c. mccarthy. ,"regis college, denver (—; r. c.; men ; "
pres.—robert l. stearns. ,"university of colorado, boulder and "
pres.—ben. h. parker. ,"colorado school of mines, golden "
pres.—edward r. bartlett. ,"iliff school of theology, denver (*; "
pres.—ira richardson. ,"adams state college, alamosa (* ; st.: "
vice pres.—j. l. kittle. ,coed.; 693). 
pres.—william robert ross. ,"greeley (a., n., ♦; st.; coed.; "
pres.—peter p. mickelson. ,"western state college of colorado, "
pres.—j. e. hiichingson. ,"colorado woman’s college, denver "
pres.—g. kent mccauley. ,"la junta junior college, la junta "
pres.—horace j. wubben. ,"mesa county junior college, grand "
pres.—marvin c. knudson. ,"pueblo junior college, pueblo (—; st.; "
pres.—dwight c. baird. ,"trinidad state junior college, trini¬ "
pres.—sister irmina longstreth. ,"albertus magnus college, new haven "
pres.—imother francois des anges. ,"annhurst college, putnam (—; r. c.; "
pres.—rosemary park. ,"connecticut college, new london (a., "
pres.—mother maria francis. ,"st. joseph college, west hartford (e.; "
pres.—george keith funston. ,"trinity college, hartford (a., e.; p.; "
pres.—albert n. jorgensen. ,"(new london), and avaterbury "
pres.—victor l. butterfield. ,"wesleyan university, middletown (a., "
pres.—charles seymour. ,"men, wo. undergraduate "
pres.—russell henry stafford. ,"hartford seminary foundation, hart¬ "
pres.—edward j. brown. ,"ical education, milford (—; p.; "
pres.—ruth a. haas. ,"danbury state teachers college, dan¬ "
pres.—e. louise hoyt. ,"school, bridgeport (—; p.; wo.; "
pres.—s. m. brownell. ,"new haven state teachers college, "
pres.—herbert d. welte. ,"larson college,^ new haven (—; p.; "
pres.—j. eugene smith. ,"avillimantic state teachers college, "
pres.—alan s. wilson. ,"hillyer college,^ hartford (—; p.; "
pres.—samuel w. tatdr. ,"junior college of commerce, new "
pres.—john c. allen. ,"junior college of physical therapy, "
pres.—george y. larson. ,dean of wo.—grace m. stewart. 
pres.—tyrus hillway. ,"new london junior college, new lon¬ "
pres.—james h. halsey. ,university of bridgeport^ bridgeport 
pres.—howard d. gregg. ,"♦^delaware state college, dover (m.; "
pres.—william s. carlson. ,"university of delaware, newark (a., "
pres.—allan a. macrae. ,"faith theological seminary, wilming¬ "
pres.—o. a. bartley. ,"wesley junior college, dover (—; "
pres.—paul f. douglass. ,"american university, the, washington "
pres.—sister m. frederick. ,"dunbarton college of holy cross, "
pres.—leonard m. elstad. ,"gallaudet college, washington (—; "
pres.—cloyd heck marvin. ,"george washington university, wash¬ "
pres.—lawrence clifton gorman. ,"georgetown university, washington "
pres.—mordecai w. johnson. ,"♦♦howard university, washington (a., "
pres.—sister catherine dorothea. ,"trinity college, washington (a., m.; "
pres.—william h. shephard. ,"koma park (m.; s. d. a.; coed,; "
pres.—william e. leahy. ,"columbus university (evening), wash¬ "
pres.—armond w. scott. ,"♦♦robert h. terrell law school, wash¬ "
pres.—leroy j. maas. ,"southeastern university, washington "
pres.—david mck. rioch. ,"washington school of psychiatry, "
pres.—^walter e. hager. ,"lege, washington (m.,*; c.; coed.; "
pres.—eugene a. clark. ,"**miner teachers college, washington "
pres.—frances r. brown. ,"chevy chase junior college, washing "
pres.—mother margaret mary sheer- ,georgetown visitation junior college 
pres.—jessie m. holton. ,holton arms school and junior col 
pres.—sister st. philomene. ,"immaculata junior college, washing "
pres.—marjorie f. webster. ,marjorie webster junior college. 
pres.—george w. lloyd. ,"mount vernon junior college, wash¬ "
pres.—rev. mother m. gerald. ,"barry college for women, miami (—; "
pres.—richard v. moore. ,"**bethune-cookman college, daytona "
"pres.—william h. gray, jr. ","college for negroes, tallahassee "
pres.—john l. tilley. ,"lege, st. augustine (fs.; p.; coed.; "
pres.—ludd m. spivey. ,"florida southern college, lakeland "
pres.—doak s. campbell. ,"florida state university, tallahassee "
pres.—j. ollie edmunds. ,"john b. stetson university, de land "
pres.—hamilton holt. ,"rollins college, winter park (s.; p.; "
pres.—j. hillis miller. ,"university of florida, gainesville (a., "
vice pres.—john s. allen. ,"s.; st.; coed.; 8,734). "
pres.—bowman f. ashe. ,"university of miami, coral gables (s.; "
pres.—e. c. nance. ,"university of tampa, tampa (—; p.; "
pres.—george orner. ,"jacksonville college of music, jack¬ "
pres.—amos j. white. ,"=^*edward waters college, jacksonville "
pres.—garth h. abridge. ,"jacksonville junior college, jackson¬ "
pres.—addison l. williams. ,"orlando junior college, orlando (—; "
pres.—roland a. wakefield. ,"st. petersburg junior college, st. "
pres.—james r. mccain. ,"agnes scott college, decatur (a., s.; "
pres.—rufus e. clement. ,coed.; 425)—graduate and pro¬ 
pres.—james p. brawley. ,**clark college (s.; meth.; coed.; 
pres.—benjamin e. mays. ,**morehouse college (a. s.; bapt.; 
pres.—florence m. read. ,"**spelman college (a., s.; bapt.; "
pres.—james armour lindsay. ,"berry college, mount berry (—; p.; "
pres.—w. fred gunn. ,"bessie tift college, forsyth (s.; bapt.; "
pres.—josiah crudup. ,"brenau college, gainesville (—; p.; "
pres.—goodrich c. white. ,"and sciences and bus. admin., "
pres.—c. v. troup. ,"**fort valley state college,^ fort val¬ "
pres.—james a. colston. ,"♦♦georgia state college,  industrial "
pres.—guy h. wells. ,"georgia state college for women,  "
"pres.—j. ralph thaxton, acting. ","georgia state womans college,  val¬ "
"pres.—waights g. henry, jr. ","lagrange college, la grange (s.; "
pres.—spright dowell. ,"mercer university, macon (s.; bapt.; "
"pres.—william a. fountain, jr. ","♦♦morris brown college, atlanta (s.; "
pres.—jonathan c. rogers. ,"north georgia college,  dahlonega "
pres.—philip weltner. ,"oglethorpe university, oglethorpe uni¬ "
pres.—edmund c. i’eters. ,"♦♦paine college, augusta (s.; meth. "
pres.—albert ray van cleave. ,"piedmont college, demorest (—; p.; "
pres.—charles w. burts. ,"shorter college, rome (a., s.; bapt; "
pres.—harmon w. caldwell. ,"university of georgia,  athens (a., "
pres.—silas johnson. ,"wesleyan college, macon (s.; meth.; "
pres.—j. mcdowell richards. ,"columbia theological seminary, deca¬ "
pres.—harry v. richardson. ,"♦♦gammon theological seminary, at¬ "
"pres.—blake ragsdale van leer, ","lanta and chamblee (a., s.; st.; "
pres.—clifford walker. ,"woodrow wilson college of law, "
pres.—^aaron brown. ,"♦♦albany state college,* albany (ts.; "
pres.—zach s. henderson. ,"georgia teachers college,* collegeboro "
pres.—george p. donaldson. ,abraham baldwin agricultural col¬ 
pres.—s. c. olliff. ,"andrew college, cuthbert (s.; meth,; "
pres.—foreman m. hawes. ,"armstrong junior college, savannah "
pres.—charles t. ricks. ,"brewton-parker junior college, mt. "
pres.—thomas l. aaron. ,"emmanuel college, franklin springs "
pres.—w. r. brewster. ,"georgia military academy, college "
pres.—j. h. jenkins. ,"georgia military college, milledgeville "
pres.—henry king stanford. ,"georgia southwestern college,^ ameri- "
pres.—j. e. guillebeau. ,"gordon military college, barnesville "
pres.—eric w. hardy. ,"junior college of augusta, augusta "
pres.—l. a. moll. ,"middle georgia college,^ cochran (s.; "
pres.—william t. bodenhamer. ,"norman junior college, norman park "
"pres.—j. r. burgess, jr. ","reinhardt college, waleska (—; "
pres.—sandy beaver. ,"riverside military academy), "
pres.—william spencer smith. ,"south georgia college,^ douglas (s.; "
pres.—i. s. ingram. ,"west georgia college,^ carrollton (s.; "
"pres.—walter downs, ","young l. g. harris college, young "
pres.—gregg m. sinclair. ,"university of hawaii, honolulu (a.; "
"pres.—ledru a. williams, acting. ","college of idaho, caldwell (w.; presb.; "
"pres.—carl w. mcintosh, jr. ","idaho state college, pocatello (jw.; "
pres.—lewis t. corlett. ,"northwest nazarene college, nampa "
pres.—j. e. buchanan. ,"university of idaho, moscow (a., w.; "
pres.—glenn w. todd. ,"northern idaho college of education, "
pres.—eugene b. chaffee. ,"boise junior college, boise (w.; dist.; "
pres.—g. o. kildow. ,"north idaho junior college, coeur "
pres.—john l. clarke. ,"ricks college,^ rexburg (w.; l. d. s.; "
pres.—conrad bergendoff. ,"seminary, rock island (a., n.; "
pres.—r. h. snyder. ,"southern idaho college of education, "
pres.—theodore p. stephens. ,pres.—r. h. snyder. 
pres.—mother margaret reilly. ,"barat college of the sacred heart, "
pres.—david blair owen. ,"bradley university, peoria (a., n.; p.; "
pres.—erland nelson. ,"carthage college, carthage (n.; luth.; "
pres.—sister m. aniceta. ,"college of st. francis, joliet (n.; r. c.; "
pres.—comeford j. o’malley. ,"depaul university, chicago (n.; r. c.: "
pres.—h. w. dinkmeyer. ,"elmhurst college, elmhurst (n. ; "
pres.—burrus dickinson. ,"eureka college, eureka (—; disc, of "
pres.—harold coe coffman. ,"ave., chicago 15 (n.; p.; coed.' "
pres.—h. j. long. ,"greenville college, greenville (n.; f. "
pres.—h. gary hudson. ,"illinois college, jacksonville (a., n.; "
pres.—henry townley heald. ,"illinois institute of technology, chi¬ "
"pres.—m, j. holmes. ","illinois wesleyan university, bloom¬ "
pres.—j. walter malone. ,"james millikin university, decatur "
"pres.—kellogg d. mcclelland, acting. ","knox college, galesburg (a., n.; p.; "
pres.—ernest a. johnson. ,"lake forest college, lake forest (a., "
"pres.—sister m. leontine, acting. ","le clerc college, belleville (—; p.; "
pres.—james t. hussey. ,"loyola university, chicago (n.; r. c.; "
pres.—carl c. bracy. ,"mckendree college, lebanon (—; "
pres.—clarence p. mcclelland. ,"macmurray college for women, jack¬ "
pres.—james harper grier. ,"monmouth college, monmouth (a., n.; "
pres.—sister mary josephine. ,"mundelein college, chicago 40 (n.; "
pres.—c. h. geiger. ,"north central college, naperville (a., "
pres.—franklyn bliss snyder. ,"northwestern university, evanston and "
pres.—selden dee kelley. ,"olivet nazarene college, kankakee "
pres.—frederic e. morgan. ,"principia college, the, elsah (n.; p. "
pres.—seraphin tibesar. ,"quincy college, quincy (—; r. c.; "
pres.—mary ashby check. ,"rockford college, rockford (a., n.: "
pres.—edward j. sparling. ,"roosevelt college, 430 s. michigan ave., "
pres.—sister mary peter. ,"rosary college, river forest (a., n.; "
pres.—sister mary huberta. ,"st. francis xavier college for women, "
pres.—ambrose ondrak. ,"st. procopius college, lisle (—; r. c.; "
pres.—david andrew weaver. ,"shurtleff college, alton (—; bapt.; "
pres.—delyte w. morris. ,"southern illinois university, carbon- "
pres.—ernest c. colwell. ,"p.; coed.; 11,545). "
vice pres.—j. a. cunningham. ,"vice pres, and dean of faculties.—r. "
vice pres.—l. a. williams. ,wendell harrison. 
pres.—george d. stoddard. ,"university of illinois, urbana and chi¬ "
pres.—v. raymond edmon. ,"wheaton college, wheaton (a., n.; "
pres.—lewis m. churbuck. ,"michigan ave., chicago 3 (—; p.; "
pres.—john r. hattstaedt. ,"american conservatory of music, chi¬ "
pres.—rufus d. bowman. ,"bethany biblical seminary, chicago "
pres.—samuel d. hauser. ,200). 
pres.—richard n. macbain. ,"chicago college of osteopathy, chicago "
pres.—edgar nelson. ,"chicago conservatory, fine arts bldg., "
pres.—harry e. jessop. ,"chicago evangelistic institute, chicago "
pres.—charles w. morey. ,treas.—earl l. owens. 
"pres.—arthur c. mcgiffert, jr. ","university ave., chicago 37 (*; "
pres.—norman alexandroff. ,"columbia college, 410 s. michigan "
pres.—webster h. burke. ,"chicago-kent college of law, chicago "
pres.—annin george weng. ,"nary, maywood (* ; u. luth.; men ; "
pres.—rudolph ganz. ,"chicago musical college, chicago (n., "
pres.—g. christian barth. ,chicago (—; p.; coed.; 30). 
pres.—clarence eidam. ,"wabash ave., chicago (*; p.; "
pres.—h. r. heininger. ,"evangelical theological seminary, na¬ "
pres.—horace g. smith. ,"garrett biblical institute, evanston "
pres.—serge chermayeff. ,"institute of design, chicago (—; p., "
pres.—r. w. leib. ,"lincoln college of law (evening), "
pres.—robert worth frank. ,"mccormick theological seminary, chi¬ "
vice pres.—kenneth neigh. ,cago (*; presb.; men; 193). 
pres.—wallace w. robbins. ,"meadville theological school, chicago "
pres.—charles w. koller. ,"(chicago 12 (n., $; bapt.; coed.; "
pres.—william b. needles. ,northern illinois college of optome¬ 
pres.—robert worth frank. ,"cation, 2330 n. halsted st., chicago "
pres.—chauncey mccormick. ,"school of the art institute of chicago, "
pres.—alden drew kelley. ,seabury-western theological semi¬ 
pres.—h. a. vandercook. ,"washington blvd., chicago (—; "
pres.—arthur w. klinck. ,"concordia teachers college, river for¬ "
pres.—robert g. buzzard. ,"eastern illinois state college, charles¬ "
pres.—r. w. fairchild. ,"illinois state normal university, nor¬ "
pres.—edna dean baker. ,"national college of education, evans¬ "
"pres.—karl l. adams, ","lege, de kalb (n., *; st.; coed.; "
pres.—herman h. hegner. ,"410 s. michigan ave., chicago (—; "
"pres.—frank a, beu. ","western illinois state college, macomb "
pres.—robert w. mcewen. ,"blackburn college,^ carlinville (n.; p.: "
pres.—t. otmann firing. ,"evanston collegiate institute, evans¬ "
pres.—albin c. bro. ,"frances shimer college, mount carroll "
pres.—raymond n. dooley. ,"lincoln college, lincoln (n.; presb., "
pres.—mother ignata. ,"mallinckrodt college, wilmette (—; "
pres.—john ripley young. ,"monticello college, alton (n.; p.; wo.; "
pres.—william p. maclean. ,"morton junior college, cicero (n.; "
pres.—algoth ohlson. ,"north park college, chicago (n.; "
bus. off.-vice pres.—j. frederick ,pres.—algoth ohlson. 
pres.—lawrence a. vohs. ,"st. bede college, peru (—; r. c.; men ; "
pres.—mother mary de pazzi. ,"springfield junior college, springfield "
pres.—john a. morrison. ,"inary, anderson (n.; ch. of god ; "
pres.—m. o. ross. ,"butler university, indianapolis (a., n.; "
"pres.—douglas r. maclaury, acting. ","canterbury college, danville (—; "
pres.—clyde e. wildman. ,"depauw university, greencastle (a., "
pres.—thomas e. jones. ,"earlham college, earlham (a., n.; fr.; "
pres.—lincoln b. hale. ,"evansville college, evansville (n.; p.; "
pres.—ernest e. miller. ,"goshen college, goshen (n.; menon.; "
"pres.—albert g. parker, jr. ","hanover college, hanover (n.; presb. "
pres.—elmer becker. ,"huntington college, huntington (—; "
pres.—i. lynd esch. ,"indiana central college, indianapolis "
pres.—herman b. wells. ,"indianapolis (a., n.; st; coed.; "
pres.—v. f. schwalm. ,"manchester college, north manchester "
pres.—mother m. clarissa. ,"marian college, indianapolis (—; r. c.; "
pres.—william f. mcconn. ,"marion college, marion (—; wes. "
pres.—james e. cox. ,"oakland city college, oakland city "
pres.—frederick l. hovde. ,"purdue university, lafayette (a., n.; "
pres.—mother m. philotera. ,"st. francis college, fort wayne (—; "
pres.—henry a. lucks. ,"st. joseph’s college, collegeville (—; "
pres.—mother mary bernard. ,"mary-of-the-woods (a., n.; r. c.; "
pres.—sister m. madeleva. ,"st. mary’s college, notre dame, holy "
pres.—clyde w. meredith. ,"taylor university, upland (n.; p.; "
pres.—john j. cavanaugh. ,"university of notre dame, notre "
pres.—o. p. kretzmann. ,"valparaiso university, valparaiso (n.; "
pres.—frank hugh sparks. ,"wabash college, crawfordsville (a., "
pres.—walter h. mcbride. ,"fort wayne art school, fort wayne "
pres.—alva j. mcclain. ,"grace theological seminary, winona "
pres.—archie t. keene. ,"indiana technical college, fort wayne "
"pres.—f. d. wilkinson, jr. ","rose polytechnic institute, terre haute "
pres.—ignatius esser. ,"st. meinrad seminary, st. meinrad (—; "
"pres.—j. glenn radcliffe, acting. ","tri-state college, angola (—; p.; "
pres.—john r. emens. ,"ball state teachers college, muncle "
pres.—ralph n. tirey. ,women’s activities—martha wick¬ 
pres.—herbert g. bredemeier. ,"concordia college, fort wayne (—; "
pres.—walter a. davis. ,"vincennes university, vincennes (—; "
pres.—sister jean marie. ,"briar cliff college, sioux city (n.; "
pres.—henry olson. ,"buena vista college, storm lake (—; "
pres.—gerrit t. vander lugt. ,"central college, pella (n.; ref.; coed.; "
pres.—sister mary anne leone gra¬ ,"clarke college, dubuque (n.; r. c.; "
pres.—byron s. hollinshead. ,"coe college, cedar rapids (a., n.; "
pres.—russell d. cole. ,"cornell college, mount vernon (a., n.; "
pres.—henry g. harmon. ,"drake university, des moines (a., n.; "
pres.—samuel n. stevens. ,"grinnell college, grinnell (a., n.; p.; "
vice pres.—l. c. chrysler. ,"coed.; 1,142). "
pres.—charles e. friley. ,"mechanic arts, ames (a., n.; st.; "
pres.—stanley b. niles. ,"iowa wesleyan college, mount pleas¬ "
pres.—w. a. spring. ,"kletzing college, university park (—; "
pres.—s. d. luby. ,"loras college, dubuque (a,, n.; r. c.; "
pres.—o. j. h. preus. ,"luther college, decorah (n.; evan. "
pres.—earl a. roadman. ,"morningside college, sioux city (n.; "
pres.—tom e. shearer. ,"parsons college, fairfield (—; presb.; "
pres.—ambrose j. burke. ,"lege, davenport (n,; r. c.; cord.; "
pres.—edwin edgar voigt. ,"simpson college, indianola (a., n.; "
pres.—virgil m. hancher. ,"state university of iowa, iowa city "
"pres.—vivian t. smith, ","upper iowa university, fayette (—; "
pres.—c. h. becker. ,"wartburg college, waverly (n.; luth.; "
"pres.—cecil hinshaw, ","william penn college, oskaloosa (—; "
pres.—edwin f. peters. ,"and surgery, des moines (*; p.; "
pres.—bernard j. holm. ,"wartburg place, dubuque (*; "
pres.—malcolm price. ,"iowa state teachers college, cedar "
"pres.—e. j. gleazer, jr. ","graceland college, lamoni (n.; reorg. "
pres.—j. knudsen. ,"grand view college, des moines (—; "
pres.—b. r. miller. ,"marshalltown junior college, marshall¬ "
pres.—sister mary ildephonse. ,"mount mercy junior college, cedar "
pres.—mother mary john mckeever. ,"mount st. clare junior college, clin¬ "
pres.—jacob heemstra. ,"northwestern junior college, orange "
pres.—morton o. nilssen. ,"waldorf college, forest city (n.; "
pres.—nelson p. horn. ,"baker university, baldwin city (a., "
pres.—emory lindquist. ,"bethany college, lindsborg (n.; luth.; "
pres.—ed. g. kaufman. ,"bethel college, north newton (n.; "
pres.—paul b. mccleave. ,"college of emporia, emporia (—; "
pres.—lyman d. wooster. ,"fort hays kansas state college, hays "
pres.—sheppard a. watson. ,"friends university, wichita (—; fr.; "
pres.—milton s. eisenhower. ,"and applied science, manhattan "
pres.—herbert jackson root. ,"kansas wesleyan university, salina "
pres.—w. w. peters. ,"mcpherson college, mcpherson (n.; "
pres.—mother mary chrysostom ,"marymount college, salina (n.; r. c.; "
pres.—mother lucy dooley. ,"mount st. scholastica college, atchison "
pres.—william m. jardine. ,"municipal university of wichita, "
pres.—^andrew b. martin. ,"ottawa university, ottawa (n.; bapt.; "
pres.—cuthbert mcdonald. ,"st. benedict’s college, atchison (n.; "
pres.—arthur m. murphy. ,"saint mary college, xavier (n.; r. c.; "
pres.—mearl p. culver. ,"southwestern college, winfield (n.; "
pres.—william m. mccreery. ,"sterling college, sterling (—; u. "
pres.—peter e. schellenberg. ,"tabor college, hillsboro (—; menon. "
pres.—bryan s. stoffer. ,"peka, topeka (a., n.; c.; coed.; "
pres.—william w. adams. ,"central baptist theological seminary, "
pres.—david l. macfarlane. ,"kansas state teachers college, em¬ "
pres.—rees h. hughes. ,"kansas state teachers college, pitts¬ "
pres.—mendal b. miller. ,"central college, mcpherson (—; f. "
pres.—sheldon g. jackson. ,"friends bible college, haviland (—; "
pres.—milo kauffman. ,"hesston college, hesston (—; menon.; "
pres.—j. f. avellemeyer. ,"kansas city kansas junior college, "
pres.—charles a. smith. ,"sacred heart college, wichita (—; "
pres.—carl s. mundinger. ,"st. john’s lutheran college, winfield "
pres.—terence moffat. ,st. joseph’s college and military acad¬ 
pres.—mother cecilia koehler. ,"ursuline college of paola, paola (—; "
pres.—z. t. johnson. ,"asbury college, wilmore (s.; p.; "
pres.—francis s. hutchins. ,"berea college, berea (a., s.; p.; coed.; "
pres.—walter a. groves. ,"centre college of kentucky, danville "
pres.—samuel s. hill. ,"georgetown college, georgetown (s.; "
pres.—^^r. b. atwood. ,"**kentucliy state college, frankfort "
pres.—paul shell powell. ,"kentucky wesleyan college, winches¬ "
pres.—sister mary anastasia coady. ,"nazareth college, louisville (s.; r. c.; "
pres.—raymond p. mclain. ,"transylvania college, lexington (s.; "
pres.—conway boatman. ,"union college, barbourville (s.; meth.; "
pres.—h. l. donovan. ,"university of kentucky, lexington (a., "
vice pres.—leo m. chamberlain. ,"s.; st; coed.; 7,716). "
pres.—john w. tayldr. ,"university of louisville, louisville (a., "
pres.—william jesse baird. ,fairs—f. w. stamm. 
pres.—rev. mother mary rosalin. ,"ursuline college, louisville (js.; r. "
pres.—william t. mulloy. ,"villa madonna college, covington (—; "
pres.—julian c. mcpheeters. ,"asbury theological seminary, wilmore "
"pres.—stephen j. corey, acting. ","college of the bible (graduate), lex¬ "
pres.—benjamin f. washer. ,"jefferson school of law (evening), "
pres.—j. lowell lusby. ,"kentucky christian college, grayson "
pres.—frank h. caldwell. ,"seminary, louisville (* ; presb.; "
pres.—albert ruetz. ,"st. mary’s college, st. mary (—; p.; "
pres.—ellis a. fuller. ,"nary, louisville (* ; s. bapt.; men ; "
pres.—j. murray hill. ,bowling green (—; p.; coed.; 
pres.—w. f. o’donnell. ,"lege, richmond (s., ♦; st.; coed.; "
pres.—ralph h. woods. ,1 
pres.—paul l. garrett. ,"lege, bowling green (s., ♦ ; st.; "
pres.—e. w. beck. ,"ashland junior college, ashland (—; "
pres.—powhatan w. james. ,"bethel woman’s college, hopkinsville "
pres.—john m. carter. ,"campbellsville college, campbellsville "
pres.—james m. boswell. ,"cumberland college, williamsburg (s.; "
pres.—j. o. vanmeter. ,"lees junior college, jackson (—; "
pres.—v. p. henry. ,"lindsey wilson junior college, colum¬ "
pres.—mother m. rebecca burke. ,"loretto junior college, nerinx (—; p.; "
pres.—lewis a. piper. ,"midway junior college, midway (—; "
pres.—sister margaret gertrude. ,"nazareth junior college, nazareth (s.; "
pres.—a. a. page. ,"pikeville junior college, pikeville (s.; "
pres.—oscie sanders. ,"sue bennett college, london ($s.; "
pres.—joe j. mickle. ,"centenary college, shreveport (s.; "
pres.—albert w. dent. ,"** dillard university, new orleans (s.; "
pres.—sister mary louise. ,louisiana state university and a. and 
pres.—r. w. e. jones. ,"**grambling college, grambling (—; "
pres.—j. m. frazier. ,"**leland college, baker (—; bapt.; "
pres.—e. godbold. ,"louisiana college, pineville (s.; bapt.; "
pres.—claybrook cotingham. ,"louisiana polytechnic institute, rus- "
pres.—harold walter stoke. ,"charles, monroe, and thibodaux "
pres.—thomas j. shields. ,"loyola university, new orleans (s.; "
pres.—g. j. tinsley. ,"southeastern louisiana college, ham¬ "
pres.—felton g. clark. ,"tural and mechanical college, "
pres.—joel l. fletcher. ,"southwestern louisiana institute, la¬ "
pres.—rufus carrollton harris. ,"tulane university of louisiana, new "
pres.—mother margaret mary clark. ,"ursuline college, new orleans (—; "
pres.—mother m. agatha. ,"♦♦xavier university, new orleans (s.: "
pres.—roland q. leavell. ,"nary, new orleans (—; bapt.; "
pres.—joseph e. gibson. ,"ana, natchitoches (s., *; st.; "
pres.—charles f. phillips. ,"bates college, lewiston (a., e.; p.; "
pres.—kenneth c. m. sills. ,"bowdoin college, brunswick (a., e.; "
pres.—julius s. bixler. ,"colby college, waterville (a., e.; p.; "
"pres.—harrison m. davis, jr. ","state teachers college, farmington— "
pres.—daniel j. o’neill. ,"st. joseph’s college, portland (—; r. "
pres.—arthur a. hauck. ,"university of maine, orono (a., e. • "
pres.—harry trust. ,"bangor theological seminary, bangor "
pres.—francis l. bailey. ,"gorham state teachers college, gor¬ "
pres.—richard f. crocker. ,"madawaska training school, fort kent "
pres.—lincoln a. sennett. ,chias (—; st.; coed.; 90).—3-year 
pres.—roy a. bither. ,"ricker junior college, houlton (e.; "
pres.—milton d. proctdr. ,"westbrook junior college, portland "
pres.—sister mary frances. ,"college of notre dame of maryland, "
pres.—otto frederick kraushaar. ,"goucher college, baltimore (a., m.; "
pres.—andrew g. truxal. ,"hood college, frederick (a., m.; p.; "
pres.—detlev w. bronk. ,"johns hopkins university, baltimore "
pres.—john spangler kieffer. ,"st. john’s college, annapolis (—; p.; "
pres.—prances j. dodd. ,"st. joseph’s college, emmitsburg (m.; "
vice pres.—sister mary louise doyle. ,r. c.; wo.; 215). 
pres.—john j. lardner. ,"roland park, baltimore (—; r. c.; "
pres.—francis x. talbot. ,"loyola college, baltimore (m.; r. c.; "
"pres.—w. h. moore, iii. ",ville 
pres.—martin d. jenkins. ,"**morgan state college, baltimore "
pres.—john l. sheridan. ,"mount st. mary’s college, emmitsburg "
pres.—h. c. byrd. ,"baltimore and princess anne (a., "
pres.—john t. williams. ,princess anne (—; st.; coed.; 
pres.—gilbert w. mead. ,peabody institute of the city of balti¬ 
pres.—lowell s. ensdr. ,"western maryland college, westmin¬ "
pres.—ferdinand c. wheeler. ,"woodstock, md., and wernersville, "
pres.—j. hall pleasants. ,"more, baltimore (—; p.; coed.; "
pres.—theodore halbert wilson. ,"university of baltimore, baltimore "
pres.—lester a. welliver. ,"westminster theological seminary, "
pres.—miles w. conndr. ,"**coppin teachers college, baltimore "
pres.—william e. henry. ,"**maryland state teachers college, "
pres.—lillian c. compton. ,"maryland state teachers college, "
pres.—j. d. blackwell. ,"marjdand state teachers college, salis¬ "
pres.—earle t. hawkins. ,"maryland state teachers college, tow- "
pres.—sister m. placide thomas. ,"washington, baltimore (m.; r. c.; "
pres.—george a. gleason. ,r. c.; men; 200). (for divinity 
pres.—may russell. ,"college, st. mary’s city (—; st.; "
pres.—william gellermann. ,"american international college, spring' "
pres.—charles w. cole. ,"amherst college, amherst (a., e.; p.; "
pres.—henry j. moquin. ,"assumption college, worcester (—; "
pres.—lewis n. holm. ,"atlantic union college, south lancas¬ "
pres.—william l. keleher. ,"boston college, chestnut hill (a., e.; "
pres.—daniel l. marsh. ,"boston university, boston (a., e.; p.; "
pres.—howard b. jefferson. ,"clark university, worcester (a., e.; "
pres.—james bryant conant. ,"harvard university, cambridge and "
pres.—thomas m. o’leary. ,"college of our lady of the elms, "
pres.—samuel young. ,"eastern nazarene college, wollaston "
pres.—boylston green. ,"emerson college, boston (—; p.; coed.; "
pres.—sister margaret patricia. ,"emmanuel college, boston (e.; r. c.; "
pres.—t. leonard lewis. ,gordon college of theology and mis¬ 
"pres.—james rhyne killian, jr. ","cambridge (a., e.; p.; coed.; "
"exec, vice pres.—edward l. more¬ ","5,639). "
pres.—roswell g. ham. ,"mount holyoke college, south hadley "
pres.—carl s. ell. ,"northeastern university, boston (e.; "
vice pres.—everett a. churchill. ,"p.; coed.; 7,533). "
pres.—wilbur k. jordan. ,"radcliffe college, cambridge (a., e.; "
pres.—sister m. st. ignatius. ,"regis college, weston (e.; r. o.; wo.; "
pres.—bancroft beatley. ,"simmons college, boston (a., e.; p.; "
vice pres.—j. garton needham. ,"wo.; 1,535). "
pres.—herbert davis. ,"smith college, northampton (a., e.; "
pres.—paul m. limbert. ,"springfield (e., * ed.; y. m. c. a.; "
pres.—walter m. burse. ,"suffolk university, boston (—; p.; "
pres.—leonard carmichael. ,"tufts college, medford (a., e.; p.; "
pres.—ralph a. van meter. ,"university of massachusetts, amherst "
vice-pres.—edward hodnett. ,university of massachusetts at fort 
pres.—mildred mcafee horton. ,"wellesley college, wellesley (a., e.; "
pres.—alexander howard meneely. ,"wheaton college, norton (a., e.; p.; "
"pres.—janies p. baxter, 3rd. ","williams college, williamstown (a., "
pres.—harold w. tribble. ,newton center (* ; bapt.-cong.; 
pres.—edward b. hinckley. ,"tration, babson park (—; p.; men; "
pres.—mrs. john a. greene. ,"harcourt st., boston 16 (* ; p.; wo.; "
pres.—donald w. miller. ,"curry college, 251 commonwealth ave., "
pres.—kenneth r. fox. ,"lowell textile institute, lowell (—; "
pres.—herman l. klein. ,"massachusetts school of optometry, "
pres.—john a. shea. ,"new bedford textile institute, new "
pres.—franklin h. blackmer. ,"new church theological school, cam¬ "
pres.—guy linwood vannah. ,"beacon st., brookline (—; ad. "
pres.—edward g. murray. ,"st. john’s seminary, brighton (—; r. "
pres.—wat tyler cluverius. ,"worcester polytechnic institute, wor¬ "
pres.—trentwell mason white. ,"lesley college, cambridge (—; p.; "
pres.—gordon l. reynolds. ,"massachusetts school of art, boston "
pres.—john j. kelly. ,"state teachers college, bridgewater "
pres.—william j. sanders. ,"state teachers college, fitchburg (*; "
pres.—martin f. o’conndr. ,"state teachers college, framingham "
pres.—james dugan. ,"state teachers college, lowell (—; "
pres.—grover c. bowman. ,"state teachers college, north adams "
pres.—edward a. sullivan. ,"state teachers college, salem (—; st.; "
pres.—edward j. scanlon. ,"state teachers college, westfield (—; "
pres.—eugene a. sullivan. ,"state teachers college, worcester (*; "
pres.—william h. j. kennedy. ,"teachers college of the city of boston, "
pres.—winifred e. bain. ,"wheelock college, boston (*; p.; wo.; "
pres.—warren c. lane. ,"ence, worcester 2 (—; p.; coed.; "
pres.—dorothy m. bell. ,"bradford junior college, bradford (e.; "
pres.—irving t. richards. ,"cambridge junior college, cambridge "
pres.—william c. garner. ,"dean academy and junior college, "
pres.—george o. bierkoe. ,"endicott junior college, beverly (—; "
pres.—^raymond c. wass. ,"lasell junior college, auburndale (e.; "
pres.—h. e. brown. ,"leicester junior college, leicester "
pres.—jane brooks. ,"mary brooks school, boston (—; p.; "
pres.—james l. conrad. ,"nichols junior college, dudley (—; "
pres.—mrs. marie warren potter. ,"pine manor junior college, wellesley "
pres.—samuel j. harrison. ,"adrian college, adrian (—; meth.; "
pres.—william w. whitehouse. ,"albion college, albion (a., n.; meth.; "
pres.—dale d. welch. ,"alma college, alma (n.; presb.; coed.; "
pres.—henry schultze. ,"calvin college, grand rapids (n.; "
pres.—louis m. mcknight. ,"detroit institute of technology, detroit "
pres.—alvin w. johnson. ,"emmanuel missionary college, berrien "
pres.—byron j. brophy. ,"ferris institute, big rapids (—; p.; "
pres.—harvey l. turner. ,"hillsdale college, hillsdale (n.; p.; "
"pres.—sister honora, ","marygrove college, detroit (a., n. ; "
pres.—sister mary patricia. ,"mercy college, 8200 w. outer drive, "
pres.—john a. hannah. ,"michigan state college, east lansing "
pres.—sister mary kevin. ,"nazareth college, nazareth (n.; r. "
pres.—aubrey l. ashby. ,"olivet college, olivet (—; p.; coed.; "
pres.—edward j. szumal. ,"st. mary’s college, orchard lake (—; "
pres.—mother m. gerald. ,"siena heights college, adrian (n.; r. "
pres.—wm. j. milldr. ,"university of detroit, detroit (n.; r. "
pres.—alexander g. ruthven. ,"university of michigan, ann arbor "
pres.—david d. henry. ,"wayne university, detroit (a., n.; c.; "
pres.—samuel a’^olbeda. ,rapids 7 (*; chris. ref.; coed.; 
pres.—john j. danhof. ,"detroit college of law, detroit (*; "
pres.—willoughby d. bough ton. ,"detroit institute of musical art, de¬ "
pres.—e. george lawrence. ,"highland park, detroit (—; p.; "
pres.—grover c. dillman. ,"nology, houghton (*eng., n.; st.; "
pres.—henry e. donnelly. ,"blvd., detroit (—; r. c.; men; "
"pres.—carl j. tamminen, acting. ","nary, hancock (—; luth.; coed.; "
pres.—john r. mulder. ,"western theological seminary, hol¬ "
pres.—c. l. anspach. ,"mount pleasant (n., *; st.; coed.; "
pres.—eugene b. elliott. ,"michigan state normal college, ypsi- "
pres.—h. a. tape. ,"tion, marquette (n., *; st; coed.; "
pres.—paul v. sangren. ,"tion, kalamazoo (a., n., *; st.; "
vice pres.—wynand wichers. ,"coed.; 3,764). "
pres.—l. a. pratt. ,"coed.; 1,029). "
pres.—arthur e. erickson. ,"gogebic junior college, ironwood (—; "
pres.—arthur andrews. ,"grand rapids junior college, grand "
pres.—g. l. greenawalt. ,"jackson junior college, jackson (n.; "
pres.—.james f. gregory. ,"spring arbor junior college, spring "
pres.—bernhard christen.sen. ,"inary, minneapolis (—; luth.; "
pres.—laurence m. gould. ,summer session—john m. stens- 
pres.—mother rosamond pratsch- ,"college of st. benedict, st. joseph (n.; "
pres.—sister antonius. ,"college of st. catherine, st. paul (a., "
pres.—mother m. athanasius. ,"college of st. scholastica, duluth (n.; "
pres.—sister m. rachael dady. ,"college of st. teresa, winona (a., n.; "
pres.—vincent j. flynn. ,"college of st. thomas, st. paul (n.; r. "
pres.—j. n. brown. ,"concordia college, moorhead (n.; "
pres.—edgar m. carlson. ,"gustavus adolphus college, st. peter "
pres.—hurst r. anderson. ,"hamline university, st. paul (a., n.; "
pres.—chas. j. turck. ,"macalester college, st. paul (a., n.; "
pres.—alcuin deutsch. ,"st. john’s university, collegeville (—; "
pres.—bro. joel stanislaus. ,"st. mary’s college, winona (n.; r. c.; "
pres.—c. m. granskou. ,"st. olaf college, northfield (a., n.; "
pres.—rudolph g. bandas. ,"st. paul seminary, st. paul (n.; r. "
pres.—j. l. morrill. ,"and duluth (a., n.; st.; coed.; "
pres.—henry c. wingblade. ,"bethel college and seminary, st. paul "
pres.—t. f. gullixson. ,"ave. and luther place, st. paul "
pres.—william macphail. ,"macphail college of music, minne¬ "
pres.—d. e. labelle. ,"state teachers college, mankato—con. "
pres.—paul h. roth. ,"seminary, 100 east 22d st., minne¬ "
pres.—william graham. ,"logical seminary, minneapolis (—; "
"pres.—james c. otis, sr. ","st. paul college of law (evening), "
pres.—c. l. schweppe. ,(—; luth.; coed.; 91).—3-year col¬ 
"pres.—r. j, connole. ","st. paul diocesan teachers college, "
pres.—c. r. sattgast. ,"state teachers college, bemidji (n., "
"pres.—c, l. crawford. ","state teachers college, mankato (n., "
pres.—otto w. snarr. ,"state teachers college, moorhead (n., "
pres.—n. minne. ,"state teachers college, winona (n., "
pres.—r. vv. goddard. ,"rochester junior college, rochester "
pres.—william h. pipes. ,"college, alcorn (ts.; st.; coed.; "
"pres.—g. t. gillespie, ","belhaven college, jackson (s.; presb.: "
pres.—lawrence t. lowrey. ,"blue mountain college, blue ^mountain "
pres.—m. l. smith. ,"millsaps college, jackson (a., s.; "
pres.—d. m. nelson. ,"mississippi college, clinton (a., s.; "
pres.—w. m. frazier. ,"**mississippi industrial college, holly "
pres.—fred t. mitchell. ,"mississippi state college, state college "
pres.—b. l. parkinson. ,"mississippi state college for women, "
pres.—l. m. mccoy. ,"**rust college, holly springs (—; "
"pres.—harold c. warren, ","**tougaloo college, tougaloo (s.; a. "
pres.—william m. kethley. ,"delta state teachers college, cleve¬ "
pres.—jacob l. reddix. ,"**jackson college, jackson (s.; st; "
pres.—r. c. cook. ,"mississippi southern college, hatties¬ "
pres.—w. e. greene. ,"clarke memorial college, newton (—; "
pres.—j. m. ewing. ,"copiah-lincoln junior college, wesson "
pres.—l. o. todd. ,"east central junior college, decatur "
pres.—cruce stark. ,"east mississippi junior college, scoo- "
pres.—richard g. cox. ,"gulf park college, gulfport (s.; p.; "
pres.—g. m. mclendon. ,"hinds junior college, raymond (s.; "
pres.—r. m. branch. ,"holmes junior college, goodman (s.; "
pres.—j. b. young. ,"jones county junior college, ellisville "
pres.—r. c. pugh. ,"northwest mississippi junior college, "
pres.—w. milan davis. ,"**okolona college, okolona (—; p. e.; "
pres.—r. d. mclendon. ,"pearl river junior college, poplar- "
pres.—a. l. may. ,"perkinston junior college, perkinston "
pres.—.john long. ,wards (ts; disc.-chris.; coed.; 
pres.—c. h. snell. ,"southwest mississippi junior college, "
pres.—^w. b. horton. ,"sunflower junior college, moorhead "
pres.—sinclair daniel. ,"whitworth college, brookhaven (—; "
pres.—charles t. morgan. ,"wood junior college, mathiston (—; "
"pres.—e. p. puckett, acting. ","central college, fayette (a., n.; meth.; "
pres.—stephen schappler. ,"conception seminary, conception (—; "
pres.—w. h. mcdonald. ,"culver-stockton college, canton (n.; "
pres.—james f. findlay. ,"drury college, springfield (a., n.; "
pres.—franc l. mccluer. ,"lindenwood college for women, st. "
pres.—j. l. zwingle. ,"park college, parkville (a., n.; presb.; "
pres.—thomas m. knapp. ,"rockhurst college, kansas citv (n.; "
pres.—patrick j. holloran. ,"st. louis university, st. louis (a., n.; "
pres.—m. earle collins. ,"tarkio college, tarkio (n.; u. presb.; "
pres.—clarence r. decker. ,"university of kansas city, kansas city "
pres.—frederick a. middlebush. ,"university of missouri, columbia and "
"pres.—w. w. hall, jr. ","westminster college, fulton (a., n.; "
pres.—walter pope binns. ,"william jewell college, liberty (a., "
pres.—louis j. sieck. ,"concordia theological seminary, st. "
pres.—henry c. haskell. ,"conservatory of music of kansas city, "
pres.—f. w. schroeder. ,groves (*; evan.-ref.; men and 
pres.—joseph p. donovan. ,"7800 kenrick road, st. louis 19 "
pres.—morris thompson. ,"surgery, kirksville (*; p.; coed.; "
pres.—lewis b. carpenter. ,"ers, kansas city (—; meth.; wo.; "
pres.—robert l. lund. ,"lied sciences, st. louis (*; p.; "
"pres.—john philip blake, jr. ","st. louis institute of music, st. louis "
pres.—william m. brennan. ,"st. mary’s seminary, perryville (—; "
pres.—g. w. diemer. ,"(n., "
pres.—walter h. ryle. ,"college, kirksville (n., *; st.; "
pres.—j. w. jones. ,"college, maryville (n., *; st.; "
pres.—w. w. parker. ,"southeast missouri state college, cape "
pres.—roy ellis. ,"springfield (n., *; st; coed.; "
"pres.—ruth miriam harris, ","**stowe teachers and junior college, "
pres.—.tames c. miller. ,"christian college, columbia (n.; disc.; "
pres.—marjorie mitchell. ,"cottey college, nevada (n.; p.; wo.; "
pres.—a. e. prince. ,"hannibal-la grange college, hannibal "
pres.—forrest brown. ,"iberia junior college, iberia (—; "
"pres.—roi s, wood. ","joplin junior college, joplin (—; dist.; "
pres.—earl s. thomas. ,"**lincoln junior college, kansas city "
pres.—e. e. camp. ,"monett junior college, monett (—; c.; "
pres.—albert j. c. moeller. ,"st. paul’s college, concordia (—; "
pres.—john w. dowdy. ,"southwest baptist college, bolivar "
pres.—homer p. rainey. ,"stephens college, columbia (n.; bapt.; "
pres.—s. m. rissler. ,"trenton junior college, trenton (—; "
pres.—j. m. sellers. ,"wentworth military academy, lexing¬ "
pres.—harlie l. smith. ,"william woods college, fulton (n.; "
pres.—emmett j. riley. ,"carroll college, helena (n.; r. c.; "
pres.—r. r. renne. ,"montana state college,^ bozeman (a., "
pres.—james a. mccain. ,"montana state university,* missoula "
pres.—j. j. donovan. ,"cation, great falls (w,; r, c.; "
pres.—a. g. peterson. ,"billings (w., 3 yrs.; st.; coed.; 362). "
pres.—rush jordan. ,"montana state normal college,® dillon "
pres.—james a. caudill. ,"dawson county junior college, glen¬ "
pres.—g. h. vande bogart. ,"northern montana college,® havre "
pres.—sister mary alice. ,"college of saint mary, omaha (—; "
pres.—william h. mccabe. ,reg.—sister mary austin. 
pres.—r. e. morton. ,"dana college, blair (—; evan, luth.; "
"pres.—harry m. gage, ad interim. ","doane college, crete (a., n.; cong, "
pres.—mother helen casey. ,"duchesne college, omaha (n.; p.; wo.; "
pres.—wm. m. french. ,"hastings college, hastings (n.; presb.; "
pres.—w. p. hieronymu.s. ,"midland college, fremont (n.; u. "
pres.—philip milo bail. ,"municipal university of omaha, omaha "
pres.—o. w. carrell. ,"nebraska central college, central city "
"pres.—john l. knight, jr. ","nebraska wesleyan university, lincoln "
pres.—robert w. woods. ,"union college, lincoln (n.; s. d. a.; "
pres.—walter e. bachman. ,"york college, york (—; u. breth.; "
pres.—a. o. fuerbringer. ,"concordia teachers college, seward "
pres.—victor p. morey. ,"nebraska state teachers college, "
pres.—walter e. scott. ,"fairbury junior college, fairbury "
pres.—floyd e. laiiersen. ,"luther college, wahoo (—; luth.; "
pres.—ralph g. brooks. ,"mccook junior college, mccook (—; "
pres.—allen p. burkhardt. ,"norfolk junior college, norfolk (—; "
pres.—charles h. davis. ,"scottsbluff junior college, scottsbluff "
pres.—john o. moseley. ,"university of nevada, reno (a., w.; "
pres.—john s. dickey. ,summer session—harold n. brown. 
pres.—sister im. de la salle. ,"mount st. mary college, hooksett "
pres.—sister m. st. pascal. ,"rivier college, nashua (—; p.; wo.; "
pres.—bertrand dolan. ,"st. anselm’s college, manchester (e.; "
pres.—arthur s. adams. ,"university of new hampshire, dur¬ "
pres.—lloyd p. young. ,"keene teachers college, keene (*; "
pres.—howard r. jones. ,"plymouth teachers college, plymouth "
pres.—h. leslie sawyer. ,"colby junior college for women, new "
pres.—frederick schweitzer. ,"seminary, bloomfield (t; presb.; "
pres.—sister marie jose byrne. ,"college of st. elizabeth, convent sta¬ "
pres.—fred g. holloway. ,"drew university, madison (m.; meth.; "
pres.—peter sammartino. ,"fairleigh dickinson college, ruther¬ "
pres.—sister marie anna. ,"georgian court college, lakewood (m.; "
pres.—harold willis dodds. ,"princeton university, princeton (a., "
pres.—robert c. clothier. ,"and newark (a., m.; st. and p.; "
pres.—vincent j. hart. ,"st. peter’s college, jersey city (m.; "
pres.—james f. kelley. ,"seton hall college, south orange (m.; "
vice pres.—william f. furlong. ,"r. c.; men; 4,010). "
pres.—evald b. lawson. ,"upsala college, east orange (m.; "
pres.—arthur e. armitage. ,"college of south jersey, camden (—; "
pres.—angelo franco. ,"don bosco college, inc., newton (—; "
pres.—edward a. markley. ,"john marshall college, jersey city "
pres.—allan r. cullimore. ,ark (*; m.; st. and c.; coed.; 
pres.—joseph r. sizoo. ,new brunswick (* ; ref.; men ; 
pres.—john a. mackay. ,"princeton theological seminary, prince¬ "
pres.—franklin f. moore. ,"rider college, trenton (—; p.; coed.; "
pres.—harvey n. davis. ,"stevens institute of technology, hobo¬ "
pres.—john finley williamson. ,"westminster choir college, princeton "
pres.—roscoe l. west. ,"new jersey state teachers college, "
pres.—h. a. sprague. ,"upper montclair (a., m., *; st.; "
pres.—edward w. seay. ,"centenary junior college, hacketts- "
pres.—mother mary clara. ,"immaculate conception junior college, "
pres.—floyd d. golden. ,"eastern new mexico college, portales "
pres.—margaret c. brown. ,"and hygiene, east orange (—; p.; "
pres.—c. l. littel. ,"bergen junior college, teaneck (—; "
pres.—john r. nichols. ,"mechanic arts, state college (n.; "
pres.—tom l. popejoy. ,"university of new mexico, albuquerque "
academic vice pres.—france v. ,"(a., n.; st.; coed.; 4,431). "
pres.—e. j. workman. ,"new mexico school of mines, socorro "
pres.—robert wilken. ,180). 
pres.—edward eyring. ,"new mexico highlands university, las "
pres.—haddon w. james. ,"new mexico state teachers college, "
pres.—paul dawson eddy. ,"adelphi college, garden city (jm.; i*.; "
"pres.—m. ellis drake, acting. ","alfred university, alfred (a., m.; st. "
pres.—donald armstrong. ,"9 e. 89th st., new york (—; p.; "
pres.—edward c. fuller. ,"bard college, annandale-on-hudson "
pres.—harry d. gideonse. ,"brooklyn college,^ brooklyn (a., i\i.; "
pres.—richard b. mchugh. ,"conception, brooklyn (—; r. c.; "
pres.—everett needham case. ,"colgate university, hamilton (a., m.; "
pres.—francis j. spellman. ,"college of mount st. vincent, new "
pres.—francis w. walsh. ,"college of new rochelle, new ro¬ "
pres.—edmund f. gibbons. ,"college of st. rose, albany (m.; r. "
pres.—alan willard brown. ,"and william smith colleges, ge¬ "
pres.—dwight d. eisenhower. ,"columbia university, new york (a., "
pres.—edmund e. day. ,"york (a., m.; st. and p.; coed.; "
pres.—sister jane frances. ,"d’youville college, buffalo (m.; r. c.; "
pres.—w. s. a. pott. ,heart. 
pres.—robert i. gannon. ,"fordham university, new york (a., "
"pres.—mother m, aloysia. ","good counsel college, white plains "
pres.—robert ward mcewen. ,"hamilton college, clinton (a., m.; p.; "
pres.—henry j. ai nold. ,"hartwick college, oneonta (—; luth.; "
pres.—john cranford adams. ,"hofstra college, hempstead, long is¬ "
pres.—george n. shuster. ,"york,  new york (a., m.; c.; "
pres.—arthur a. loftus. ,"iona college, new rochelle (—; r. c.; "
pres.—katherine gillett blyley. ,"keuka college,' keuka park (m.; "
pres.—mother m. charles borormeo. ,"ladyclilf college, highland falls (—; "
pres.—tristram w. metcalfe. ,"long island university, brooklyn (—; "
pres.—bro. bonaventure thomas. ,"manhattan college, new york (m.; "
pres.—mother eleanor m. o’byrne. ,"heart, new york (a., m.; r. c.; "
pres.—bro. louis omer. ,"marian college, poughkeepsie (—; r. "
pres.—mother m. therese dalton. ,"marymount college, tarrytown (m.; "
pres.—sister rose miriam. ,"nazareth college, rochester (m.; r. "
"pres.—bryn j. hovde, ","new school for social research, new "
pres.—francis l. meade. ,"niagara university, niagara university "
pres.—mother saint catherine. ,"notre dame college of staten island, "
pres.—paul klapper. ,"york,^ flushing, l. i. (a., :\i.; c.; "
pres.—l<*wis a. hh-oman. ,"russell sage college, troy (a., m.; "
pres.—mark kennedy. ,"donville (m.; r. c.; men, day div.; "
pres.—thomas plassman. ,"st. bonaventure (m.; r. c.; men, "
pres.—bro. columba. ,"st. francis college, brooklyn (—; r. "
pres.—john a. flynn. ,"st. john’s university, brooklyn (m.; "
pres.—john m. fearns. ,"st. joseph’s seminary and college, "
pres.—eugene garrett bewkes. ,"st. lawrence university, canton (a., "
pres.—harold tayldr. ,"sarah lawrence college, bronxville "
pres.—henry t. lloore. ,"skidmore college, saratoga springs "
pres.—carter davidson. ,"tady and albany (a., m.; p.; men ; "
pres.—alan valentine. ,"university of rochester, rochester "
pres.—sarah gibson blanding. ,"vassar college, poughkeepsie (a., m.; "
pres.—walter c. langsam. ,staten island (m.; luth.; coed.; 
pres.—richard leighton greene. ,"wells college, aurora (a., m.; p.; wo.; "
pres.—samuel belkin. ,"186th st, new york (—; .tewisli; "
pres.—henry p. van dusen. ,york. in association with union 
pres.—dean greer mckee. ,"biblical seminary in new york, new "
pres.—jess h. davis. ,"clarkson college of technology, pots¬ "
pres.—wilboiir eddy saunders. ,"colgate-rochester divinity school, "
pres.—luther gulick. ,"park ave., new york (—p.; "
pres.—leonard b. job. ,"ithaca college, ithaca (—; p.; coed.; "
pres.—stephen s. wise. ,"68th st., new york (—; p.; men; "
pres.—louis finkelstein. ,"ica, new york (—; jewish; men; "
pres.—william schuman. ,"mont ave., new york (* ; p.; coed.; "
pres.—jean alonzo curran. ,"long island college of medicine, "
pres.—john c. borden. ,"looth st., new york (*; p.; coed.; "
pres.—thomas moseley. ,"nyack (—; chris, and miss. alli¬ "
pres.—edward a. wuenschel. ,mount st. alphonsus theological semi¬ 
"pres.—j. oliver buswell, jr. ","national bible institute, 340 west 55tli "
pres.—robert s. pace. ,"pace institute, 225 broadway, new’ "
pres.—van day truex. ,"parsons school of design, 136 e. 57th "
vice pres.—goeffrey gates. ,"st., new york (—; p.; coed.; 970). "
pres.—harry stanley rogers. ,"brooklyn (*eng. a., m.; p.; men; "
pres.—livingston w. houston. ,"(♦eng., arch., a. m.; p.; men; "
pres.—mark ellingson. ,"rochester institute of technology, "
pres.—henry 1*. van dusen. ,"union theological seminary, new’ york "
pres.—lawrence k. fi-ank. ,"and primary teachers, the, new "
pres.—mother francis de sales. ,"agassiz circle, buffalo (—; 11. c.; "
"pres.—milton g. nelson, acting. ","albany (a., m., *; st.; coed.; "
pres.—harry w. rockwell. ,"at buffalo, buffalo (* ; st.; coed.; "
pres.—donald m. tower. ,"new york state teachers college, "
pres.—donnal v. smith. ,"state teachers college, cortland (*; "
pres.—leslie r. gregory. ,"state teachers college, fredonia (*; "
pres.—herbert g. espy. ,"state teachers college, geneseo (*; "
pres.—william j. haggerty. ,"state teachers college, new paltz (*; "
pres.—charles w. hunt. ,"state teachers college, oneonta (*; "
pres.—harvey mitchell rice. ,"state teachers college, oswego (*; "
pres.—charles c. ward. ,"state teachers college, plattsburg (* ; "
pres.—frederick w. crumb. ,"state teachers college, potsdam (*; "
pres.—frederick a. morse. ,"middletown collegiate center, middle- "
pres.—courtney carroll. ,"bennett junior college, millbrook (m.; "
pres.—mrs. clara m. tead. ,"briarcliff junior college, briarcliff "
pres.—isabel d. phisterer. ,"cazenovia junior college, cazenovia "
pres.—arthur j. doege. ,"concordia collegiate institute, bronx- "
pres.—jessica g. cosgrave. ,"finch junior college, new york (m.; "
pres.—j. wesley searles. ,"genesee junior college, lima (—; p.; "
pres.—carrol ring. ,"holy cross preparatory seminary, "
pres.—paul d. shafer. ,"institute, brooklyn (m.; p.; wo.; "
pres.—william j. schlaerth. ,"lemoyne college,^ syracuse 3 (—; r. "
pres.—chester l. buxton. ,"sciences, paul smiths (—; p.; "
pres.—merlin g. smith. ,"roberts junior college, north chili "
pres.—w. albert lotz. ,"63rd st., new york 23 (—; y. m. c. "
pres.—ferdinand d. bluford. ,"of north carolina, greensboro (s.; "
pres.—h. s. hilley. ,"atlantic christian college, wilson (—; "
pres.—l. s. cozart. ,"**barber-scotia college, concord (js.; "
pres.—david d. jones. ,"♦♦bennett college, greensboro (s.; "
pres.—^a. r. keppel. ,"catawba college, salisbury (s.; evan, "
pres.—john r. cunningham. ,"davidson college, davidson (a., s.; "
pres.—robert l. flowers. ,"duke university, durham (a., s.; p.; "
pres.—leon e. smith. ,"elon college, elon college (s.; chris.; "
pres.—henry g. bedinger. ,"flora macdonald college, red springs "
pres.—luther l. gobbel. ,"greensboro college, greensboro (s.; "
pres.—clyde a. milner. ,"guilford college, guilford college (s.; "
pres.—gideon i. humphreys. ,"high point college, high point (—; "
pres.—hardy liston. ,"**johnson c. smith university, char¬ "
pres.—p. e. monroe. ,"lenoir-rhyne college, hickory (s.; "
pres.—w. j. trent. ,"♦♦livingstone college, salisbury (s.; "
pres.—carlyle campbell. ,"meredith college, raleigh, (a., s.; "
pres.—j. rupert mcgregdr. ,"montreat college, montreat (—; "
pres.—a. elder. ,"♦♦north carolina college at durham, "
pres.—^ralph d. wellons. ,"pembroke state college, pembroke "
pres.—hunter b. blakely. ,"queens college, charlotte (s.; presb.; "
pres.—harold l. trigg. ,"♦♦st. augustine’s college, raleigh (s.; "
pres.—howard e. rondthaler. ,"salem college, winston-salem (s.; "
"assist, to the pres.—david e. wein- ",morav.; wo.; 388). 
pres.—robert p. daniel. ,"♦♦shaw university, raleigh (s.; bapt.; "
pres.—frank p. graham. ,"hill, raleigh, and greensboro (a., "
pres.—thurman d. kitchin. ,"winston-salem (a., s.; bapt.; men "
pres.—b. b. dougherty. ,"appalachian state teachers college, "
pres.—john d. messick. ,"east carolina teachers college, green¬ "
pres.—j. w. seabrook. ,"♦♦fayetteville state teachers college, "
pres.—s. d. williams. ,"♦♦state teachers college, elizabeth "
"pres.—w. e. bird, acting. ","western carolina teachers college, "
pres.—f. l. atkins. ,"winston-salem (s., *; st; coed.; "
pres.—glenn l. bushey. ,"asheville-biltmore college, asheville "
pres.—vincent g. tayldr. ,"belmont abbey college, belmont (s.; "
pres.—eugene j. coltrane. ,"brevard college, brevard (—; metb.; "
pres.—l. h. campbell. ,"campbell college, buies creek (s.; "
pres.—philip l. elliott. ,boiling springs (—; bapt.; coed.; 
pres.—henry nan. ,"♦♦immanuel lutheran college, greens¬ "
pres.—w. c. tate. ,"lees-mcrae college, banner elk (—; "
pres.—samuel m. holton. ,"louisburg college, louisburg (—; "
pres.—hoyt blackwell. ,lib.—sarah k. patten. 
pres.—john montgomery. ,"mitchell college, statesville (—; "
pres.—e. p. holt. ,"oak ridge military institute, oak "
pres.—william c. pressly. ,"peace college, raleigh (—; presb.; "
pres.—c. m. waggoner. ,"pfeiffer junior college, misenheimer "
pres.—w. j. jones. ,"military institute, salemburg (—; "
pres.—^louis c. lamotte. ,"presbyterian junior college for men, "
pres.—sister m. maura. ,"academy, belmont (—; r. c.; "
pres.—rev. mother a. sharry. ,"lege, asheville (—; r, c.; wo.; "
pres.—richard g. stone. ,saint mary’s school and junior col¬ 
pres.—c. c. burris. ,"wingate college, wingate (—; bapt.; "
"pres.—howard j. bell, jr. ","jamestown college, jamestown (a., n.; "
pres.—frederic samuel hultz. ,state college (n.; st.; coed.; 
pres.—john 0. west. ,"university of north dakota,® univer¬ "
pres.—marcus j. birrell. ,with university of north dakota) 
pres.—j. c. mcmillan. ,"state normal and industrial college,® "
pres.—charles e. scott. ,"state teachers college,® dickinson (♦; "
pres.—c. p. lura. ,"state teachers college,® mayville (*; "
pres.—c. c. swain. ,"state teachers college,® minot (n., ♦; "
pres.—roscoe l. lokken. ,"state teachers college,® valley city "
pres.—clarence n. nelson. ,"north dakota school of forestry,® bot¬ "
pres.—e. f. riley. ,"north dakota state school of science,® "
pres.—douglas mcgregdr. ,"antioch college, yellow springs (a., "
vice pres.—robert p. ludlum. ,"vice pres, and dean of admin.— "
pres.—glenn l. clayton. ,"ashland college, ashland (n.; breth.; "
"pres.—^albert riemenschneider, act¬ ",theology—m. a. stuckey. 
pres.—lloyd l. ramseyer. ,"bluffton college, bluffton (—; menon.; "
pres.—f. j. prout. ,"bowling green state university, bowl¬ "
pres.—harold l. yochum. ,"capital university, columbus (a., n.; "
pres.—ira d. vayhinger. ,"cedarville college, cedarville (—; p.; "
 pres.—charles h. wesley. ,"arts, wilberforce (♦ed.; st.; coed.; "
pres.—mother mary zoe. ,"college of mount st. joseph, mount "
pres.—sister m. angelita. ,"college of st. mary of the springs, "
pres.—howard f. lowry. ,"college of wooster, wooster (a., n.; "
pres.—harold dana hopkins. ,"defiance college, defiance (—; cong.- "
pres.—kenneth i. brown. ,"denison university, granville (a., n.; "
"pres.—j. c. nichols, acting. ","fenn college, cleveland (n.; p.; coed.; "
pres.—h. clifford fox. ,"findlay college, findlay (—; ch. of "
pres.—w. terry wickham. ,"heidelberg college, tiffin (a., n.; "
pres.—paul h. fall. ,"hiram college, hiram (a., n.; p.; "
pres.—frederick e. welfle. ,"john carroll university, cleveland "
pres.—george a. bowman. ,"kent state university, kent (n., *; "
pres.—gordon keith chalmers. ,"kenyon college, gambier (a., n.; p.; "
pres.—helen d. bragdon. ,"lake erie college, painesville (a., n.; "
pres.—wm. bay iiwine. ,"marietta college, marietta (a., n.; p.; "
pres.—sister mary catherine rayndr. ,"mary manse college, toledo (n.; r. "
pres.—ernest h. hahne. ,"miami university, oxford (a., n.; st; "
vice pres.—c. w. kreger. ,"coed.; 4,995). "
pres.—charles b. ketcham. ,"mount union college, alliance (a., n.; "
pres.—robert n. montgomery. ,♦music—cecil stewart. 
pres.—mother mary agnes busche. ,"notre dame college, south euclid (n.; "
pres.—william e. stevenson. ,"oberlin college, oberlin (a., n.; p.; "
vice pres.—harold s. wood. ,"coed.; 2,180). "
pres.—robert o. mcclure. ,"ohio northern university, ada (—; "
pres.—howard l. bevis. ,"ohio state university, the, columbus "
vice pres.—bland l. stradley. ,"(a., n.; st.; coed.; 25,418). "
"asst, to pres.—norval n. luxon. ",pres.—howard l. bevis. 
"pres.—john c. baker, ","ohio university, athens (a., n.; st.; "
pres.—a. s. flemming. ,"ohio wesleyan university, delaware "
pres.—f. w. mcdermott. ,"rio grande college, rio grande (—; "
pres.—pi. e. simmons. ,"university of akron, akron (a., n.; "
"asst, to pres.—leslie p. hardy. ","c.; coed.; 4,988). "
pres.—raymond tvalters. ,"university of cincinnati, cincinnati "
pres.—j. gordon howard. ,evening—frank r. neuffer. 
pres.—sister marie pierre. ,"cliff. walnut hills, cincinnati (—: "
pres.—george j. renneker. ,"university of dayton, dayton (n.; "
pres.—avilbur wallace white. ,"university of toledo, toledo (a., n.; "
pres.—mother mary celestine. ,"ursuline college, cleveland (n.; r. c.; "
pres.—philip e. henderson. ,"western college, oxford (a., n.; p.; "
pres.— winfred george leutner. ,"western reserve university, cleveland "
finan. vice pres.—ed. blythin. ,"(a., n.; p.; coed.; 13,194). "
pres.—charles leander hill. ,"♦♦wilberforce university, wilberforce "
pres.—samuel d. marble. ,"wilmington college, wilmington (n., "
pres.—rees edgar tulloss. ,"wittenberg college, springfield (a., n.; "
pres.—celestin j. steiner. ,"sessions, in evening, and in grad, "
pres.—howard w. jones. ,"youngstown college, youngstown (n.; "
ipres.—walter n. roberts. ,"bonebrake theological seminary, day- "
pres.—john s. beatty. ,cinnati 
"pres.—thomas hogan, jr. ","cincinnati conservatory of music, cin¬ "
pres.—g. arnold hodgin. ,"cleveland bible college, cleveland (—; "
pres.—^lee e. skeel. ,"ning), cleveland (—; p.; coed.; "
pres.—nelson glueck. ,"hebrew union college, cincinnati 20 "
pres.—james w. o’brien. ,"mount st. mary of the west, cincin¬ "
pres.—george p. michaelides. ,"social work, cleveland (—; p.; "
pres.—edward f. hoban. ,"st. john college, cleveland (*; r. c.; "
pres.—c. c. bussey. ,"dayton, dayton (—; y. m. c. a.; "
pres.—edward f. memmott. ,"urbana junior college, urbana (—; "
pres.—mother m. rita vessels. ,"benedictine heights college, guthrie "
pres.—roy h. cantrell. ,"bethany-peniel college, bethany (—; "
pres.—g. l. harrison. ,"**langston university, langston ’’ (n.; "
pres.—henry g. bennett. ,"college,’ stillwater (a., n.; st; "
pres.—john wesley raley. ,"oklahoma baptist university, shawnee. "
vice pres.—r. orin cornett. ,"(—; bapt.; coed.; 1,324). "
pres.—cluster q. smith. ,liberal arts—l. e. solomon. 
pres.—c. dan procter. ,"oklahoma college for women,’ chick- "
pres.—marvin e. mckee. ,"cal college,’ goodwell (—; st; "
pres.—eugene s. briggs. ,"phillips university, enid (n.; disc.; "
pres.—g. l. cross. ,"oklahoma city (a., n.; st.; coed.; "
"admin, vice pres.—carl mason ","12,351). "
finan. vice pres.—roscoe cate. ,sec.—e. r. kraettli. 
pres.—c. i. pontius. ,"university of tulsa, tulsa (a., n.; p.; "
pres.—f. bert grubb. ,"oklahoma city college of law, okla¬ "
pres.—r. r. robinson. ,"central state college/ edmond (n., ♦ ; "
"pres.—charles f. spencer, acting. ","east central state college,'^ ada (n., "
pres.—john s. vaughan. ,"northeastern state college,’ tahlequah "
pres.—sabin c. percefull. ,"northwestern state college,’ alva (♦; "
pres.—t. t. montgomery. ,"southeastern state college,’ durant "
pres.—r. h. burton. ,"southwestern institute of technology,’ "
"pres.—clifford peterson, acting. ","altus college, altus (—; c.; coed.; "
pres.—francis w. thompson. ,"bacone college, bacone (—; bapt.; "
pres.—g. m. roberts. ,"bartlesville junior college, bartlesville "
pres.—c. vernon howell. ,"cameron state agricultural college,’ "
pres.—carl tayldr. ,"carnegie junior college, carnegie (—; "
pres.—jacob johnson. ,"connors state agricultural college,’ "
pres.—c. g. dunlap. ,"eastern oklahoma a. and m. college,’ "
pres.—paul r. tayldr. ,"el reno junior college, el reno (—; "
pres.—tom hansen. ,"kiowa county junior college, hobart "
pres.—b. f. johnson. ,"mangum junior college, mangum (—; "
pres.—clive e. murray. ,"murray state school of agriculture,’ "
pres.—bruce g. carter. ,"and mechanical college,’ miami "
pres.—loren n. brown. ,"northern oklahoma junior college,’ "
pres.—h. m. ledbetter. ,"oklahoma military academy,’ clare- "
pres.—clarence j. pike. ,"cascade college, portland (—; p.; "
pres.—morgan samuel odell. ,"lewis and clark college, portland (w.; "
pres.—harry l. dillin. ,"linfield college, mcminnville (a., w.; "
pres.—sister m. rose augusta. ,"marylhurst college, marylhurst (w.; "
pres.—thomas meier. ,"mount angel seminary, st. benedict "
pres.—august leroy strand. ,"oregon state college,  corvallis (a., "
pres.—gervas a. carey. ,"pacific college, newberg (—; fr.; "
pres.—walter c. giersbach. ,"pacific university, forest grove (w.; "
"pres.—ernest boyd macnaughton, ","reed college, portland 2 (a., w.; p.; "
pres.—h. k. newburn. ,"portland (a., w.; st.; coed.; "
pres.—theodore j. mehling. ,"university of portland, portland (w.; "
pres.—g. herbert smith. ,"willamette university, salem (a. w.; "
pres.—roben j. maaske. ,"eastern oregon college of education,® "
pres.—mother m. ursula. ,"mount angel women’s college, mount "
pres.—henry gunn. ,"oregon college of education,® mon¬ "
pres.—elmo n. stevenson. ,"southern oregon college of education,® "
pres.—sister m. dorothy ann. ,"teachers college, marylhurst (w., 3 "
pres.—edvv'ard l. clark. ,"multnomah college, portland (w.; y. "
pres.—harry v. masters. ,"albright college, reading (m.; evan.; "
pres.—louis t. benezet. ,"allegheny college, meadville (a., m.; "
pres.—raymon m. kistler. ,"beaver college, jenkintown (m.; "
pres.—katharine elizabeth mcbride. ,"bryn mawr college, bryn mawr (a., "
pres.—herbert l. spencer. ,"bucknell university, lewisburg (4., "
pres.—dale h. moore. ,"cedar crest college, allentown (m.; "
pres.—sister maria kostka. ,"chestnut hill college, chestnut hill "
pres.—sister mary gonzaga. ,"college misericordia, dallas (m.; p.; "
pres.—william w. edel. ,"dickinson college, carlisle (a., m.; p.; "
pres.—abraham a. neuman. ,"dropsie college (graduate), philadel¬ "
pres.—francis p. smith. ,"duquesne university, pittsburgh (m.; "
pres.—a. c. baugher. ,"elizabethtown college, elizabethtown "
pres.—theodore a. distler. ,"franklin and marshall college, lan¬ "
pres.—joseph j. wehrle. ,"gannon college, erie (—; r. c.; men; "
pres.—m. m. pearce. ,"geneva college, beaver falls (a., m.; "
pres.—henry w. a. hanson. ,"gettysburg college, gettysburg (a., "
pres.—weir c. ketler. ,"grove city college, grove city (a., "
pres.—horace mann bond. ,"♦♦lincoln university, lincoln univer¬ "
pres.—calvert n. ellis. ,"juniata college, huntingdon (a., m.; "
pres.—ralph cooper hutchison. ,"lafayette college, easton (a., m.; "
pres.—bro. g. paul. ,"lasalle college, philadelphia (m.; r. "
pres.—clyde a. lynch. ,"lebanon valley college, annville (m.; "
pres.—martin d. wliitaker. ,"lehigh university, bethlehem (a., m.; "
vice pres.—e. k. smiley. ,"1'.; men ; 3,427). "
pres.—sister m. sylvia. ,"marywood college, scranton (m.; r. "
pres.—sister m. desales preston. ,"mercyhurst college, erie (m.; r. c.; "
pres.—edwin j. heath. ,"moravian college for women, bethle¬ "
pres.—mother m. francella mccon¬ ,"mount mercy college, fifth ave., pitts¬ "
pres.—levering ty.son. ,"muhlenberg college, allentown (a., m.; "
pres.—paul russell anderson. ,"penn.sylvania college for women, pitts¬ "
"pres.—james milholland, acting. ","hazleton, and pottsville (a. m.; "
pres.—mother mary boniface. ,"rosemont college, rosemont (a., m.; "
pres.—^adrian j. m. veigle. ,"st. francis college, loretto (m.; p.; "
pres.—john j. long. ,"st. joseph’s college, philadelphia (m.; "
pres.—alfred koch. ,"st. vincent college, latrobe (m.; r. "
pres.—william granger ryan. ,"seton hill college, greensburg (a., m.; "
pres.—g. morris smith. ,"susquehanna university, selinsgrove "
pres.—john w. nason. ,"swarthmore college, swarthmore (a., "
pres.—robert livingston johnson. ,"m.; p.; coed, in most schools; "
prov. vice-pres.—millard e. glad- ,"13,017). "
pres.—william f. zimmerman. ,"thiel college, greenville (m.; u. luth.; "
pres.—harold e. stassen. ,"except arts and sciences, engineer¬ "
"exec, vice pres.—wm. h. dubarry. ",pres.—harold e. stassen. 
pres.—j. eugene gallery. ,"university of scranton, scranton (m.; "
pres.—norman e. mcclure. ,"ursinus college, collegeville (a., m. ; "
pres.—mother aurelia. ,"villa maria college, erie (m.; r. c. "
pres.—f. x. n. mcguire. ,"villanova college, villanova (m.; r. "
"pres.—james herbert case, jr. ","washington (a., m.; p.; men; "
pres.—paul r. stewart. ,"waynesburg college, waynesburg (—; "
"pres.—john orr, acting. ","westminster college, new wilmington "
pres.—eugene s. farley. ,"wilkes college, wilkes-barre (jm.; p.; "
pres.—paul swain havens. ,"wilson college, chambersburg (a., m.; "
pres.—george decharms. ,athyn (—; ch. of n. jeru.; coed.; 
"exec, vice pres.—willard d. pendle¬ ",86). 
pres.—robert e. doherty. ,"carnegie institute of technology, pitts¬ "
pres.—edwin e. aubrey. ,"crozer theological seminary, chester "
pres.—h. f. stambaugh. ,"therapy, leetsdale (*; p.; coed.; "
pres.—james creese. ,"drexel institute of technology, phil¬ "
pres.—gordon palmer. ,"nary, the, philadelphia ($; bapt.; "
pres.—charles a. allen. ,"pital, 235 north 15th st., philadel¬ "
"exec, vice pres.—raymond s. i^eo- ",phia 2 (j; p.; coed.; 403). 
pres.—paul j. hoh. ,"lutheran theological seminary, phil¬ "
pres.—mrs. john craig roak. ,"industry, philadelphia (—; p.; "
pres.—frank k. hyatt. ,"pennsylvania military college, chester "
pres.—albert fitch. ,"tometry, philadelphia (*; p.; "
pres.—ivor griffith. ,"science, philadelphia 4 (*; p.; "
pres.—mrs. raymond k. denworth. ,"therapy, philadelphia (* ; p.; wo.; "
pres.—george a. long. ,"nary, pittsburgh (*; u. presb.; "
pres.—r. j. g. mcknight. ,"seminary, pittsburgh (—; ref. "
pres.—francis j. furey. ,"brook, philadelphia (—; r. c.; "
pres.—john f. long. ,"st. vincent seminary, germantown, "
pres.—edward f. magee. ,"episcopal church, philadelphia "
pres.—henry a. ui<idle. ,"western theological seminary, pitts¬ "
pres.—^louise pearce. ,"vania, philadelphia 29 (*; p.; wo.; "
pres.—leslie pinckney hill. ,**cheyney training school for teach¬ 
pres.—harvey a. andruss. ,"state teachers college, bloomsburg "
pres.—robert m. steele. ,"state teachers college, california (*; "
pres.—paul g. chandler. ,"state teachers college, clarion (*; "
pres.—joseph f. noonan. ,"state teachers college, east strouds¬ "
pres.—l. h. van houten. ,"state teachers college, edinboro (♦; "
pres.—willis e. pratt. ,"state teachers college, indiana (m., "
pres.—q. a. w. rohrbach. ,"state teachers college, kutztown (m., "
pres.—richard t. parsons. ,"state teachers college, lock haven "
pres.—james g. morgan. ,"state teachers college, mansfield (m. "
pres.—d. l. biemesderfer. ,"state teachers college, millersville (*; "
pres.—harry l. kriner. ,"(m., "
pres.—dale w. houk. ,"mount aloysius junior college, cres- "
pres.—charles s. swope. ,"state teachers college, west chester "
"pres.—john a. jadus, acting. ","alliance college, cambridge springs "
pres.—edith hatcher harcum. ,"harcum junior college, bryn mawr "
pres.—blake tewksbury. ,"keystone junior college, la plume "
pres.—john w. long. ,"lycoming college, williamsport (m.; "
"pres.—c. n. hostetter, jr. ","messiah bible college, grantham (—; "
pres.—sister mary magdalene. ,dean of wo.—frances a. smith. 
pres.—abby a. sutherland. ,"ogontz junior college, rydal (—; p.; "
pres.—sarah w. briggs. ,"tory school, chambersburg (—; p.; "
pres.—lester f. johnson. ,"legiate institute, york (—; p.; "
pres.—edward g. seel. ,"polytechnic institute of puerto rico, "
pres.—henry merritt wriston. ,"brown university, providence (a., e.; "
vice pres.—bruce ini. bigelow. ,dean of univ.—samuel t. arnold. 
pres.—carl r. woodward. ,"rhode island state college, kingston "
pres.—henry l. jacobs. ,"bryant college, providence (—; p.; "
vice pres.—e. gardner jacobs. ,"coed.; 2,297). "
pres.—j. edmund nayldr. ,"hill college, inc., woonsocket (—; p.; "
pres.—howard w. ferrin. ,"providence bible institute, providence 8 "
pres.—^albert w. claflin. ,"allied sciences, providence ($; p,; "
pres.—max w. sullivan. ,"rhode island school of design, provi¬ "
pres.—francis p. keough. ,"catholic teachers college, providence "
pres.—lucius a. whipple. ,"rhode island college of education, "
"pres.—clark f. murdough, ","hill, barrington (—; p.; coed.; "
pres.—samuel r. higgins. ,"**allen university, columbia (s.; a. "
pres.—j. a. bacoats. ,"**benedict college, columbia (s.; "
"pres.—bob jones, jr. ","dean of wo.—mrs. o. a, riley. "
pres.—g. p. summerall. ,"south carolina, charleston (a., s.; "
pres.—john j. seabrook. ,"**claflin college, orangeburg (s.; "
pres.—robert franklin poole. ,"clemson agricultural college, clem- "
pres.—donald c. agnew. ,"coker college, hartsville (s.; p.; wo.; "
pres.—george d. grice. ,"s.; c.; men ; coed, for women resi¬ "
pres.—j. caldwell guilds. ,"columbia college, columbia (s.; meth.; "
pres.—edward m. gwathmey. ,"converse college, spartanburg (a., s.; "
pres.—robert c. grier. ,"erskine college, due west (s.; asso. "
pres.—j. l. plyler. ,"furman university, greenville (a., s.; "
pres.—b. m. grier. ,"lander college, greenwood (—; meth.; "
pres.—r. c. granberry. ,"limestone college, gaffney (s.; p.; "
pres.—james c. kinard. ,"newberry college, newberry (s.; u. "
pres.—marshall w. brown. ,"presbyterian college, clinton (—; "
pres.—m. p. whittaker. ,"lege of south carolina, orangeburg "
pres.—norman m. smith. ,"university of south carolina, colum¬ "
pres.—henry radcliffe sims. ,"winthrop college, rock hill (s.; st; "
pres.—h. h. butler. ,"admin, dir.—r. brice waters. "
pres.—walter k. greene. ,"wofford college, spartanburg (a., s.; "
pres.—robert c. mcquilkin. ,"columbia bible college, columbia (—; "
pres.—john l. yost. ,"nary, columbia (* ; u. luth.; men; "
pres.—kenneth m. lynch. ,"carolina, charleston (* ; st.; coed.; "
pres.—annie d. denmark. ,"anderson college, anderson (—; "
pres.—a. c. hightower. ,"♦♦bettis academy, trenton (—; p-; "
"pres.—s. v. moreland, acting. ","lege, rock hiu (—; a. m. e. z.; "
pres.—m. c. donnan. ,"junior college, tiger ville (—; "
pres.—r. b. burgess. ,"spartanburg junior college, spartan¬ "
"pres.—earl h. mccleuney, sr. ","♦♦voorhees school and junior college, "
pres.—james benjamin hilson. ,"wesleyan methodist college, central "
pres.—l. m. stavig. ,"augustana college, sioux falls (n,; "
pres.—samuel m. hilburn. ,"dakota wesleyan university, mitchell "
pres.—george f. mcdougall. ,"huron college, huron (n.; presb.; "
pres.—ernest e. smith. ,"sioux falls college, sioux falls (jn.; "
pres.—j. h. goudlock. ,lib.—bertha honger. 
pres.—ered h. leinbach. ,"culture and mechanic arts, brook¬ "
pres.—i. d. weeks. ,"university of south dakota, vermil¬ "
pres.—j. clark graham. ,"yankton college, yankton (n.; p.; "
pres.—w. e. wilson. ,"technology, rapid city (*eng., n. ; "
pres.—v. a. lowry. ,"general beadle state teachers college, "
pres.—n. e. steele. ,"northern state teachers college, ab¬ "
pres.—j. howard kramer. ,springfield (* ; 2 yrs.; st.; coed.; 
pres.—b. g. miller. ,"freeman junior college, freeman (—; "
pres.—mother m. jerome. ,"mount marty junior college, yankton "
pres.—j. m. brady. ,"notre dame junior college, mitchell "
pres.—^russell e. jonas. ,ton springs (—; f. meth.; coed.; 
pres.—roy n. baker. ,"rethel college, mckenzie (—; cumber¬ "
"pres.—i. n. carr, acting. ","carson-newman college, jefferson city "
pres.—edwin smith preston. ,"cumberland university, lebanon (—; "
pres.—athens clay pullias. ,"david lipscomb college, nashville (—; "
pres.—charles s. johnson. ,"**fisk university, nashville (a,, s.; p.; "
pres.—r. t. l. liston. ,"king college, bristol (s.; presb.; "
pres.—john reed miller. ,"**knoxville college, knoxville (ts.; u. "
"exec, vice pres.—john m. fraz('r. ",presb.; coed.; 301). 
pres.—richard e. womack. ,reg.—james a. bond. 
pres.—j. h. white. ,"**lane college, jackson (ts.; c. m. e.; "
pres.—hollis f. price. ,"**le moyne college, memphis (s.; a. "
pres.—robert l. kincaid. ,"lincoln memorial university, harro¬ "
pres.—walter e. straw. ,"madison college, imadison college (—; "
pres.—ralph waldo lloyd. ,"maryville college, maryville (a., s.; "
pres.—virgil l. elliott. ,"milligan college, milligan college (—; "
vice pres.—stephen lacey. ,p.; coed.; 456). 
pres.—hugh c. stuntz. ,"scarritt college for christian workers, "
pres.—sister raymunda. ,"wo.; afternoon and evening, coed.; "
pres.—kenneth a. wright. ,"southern missionary college, college- "
pres.—charles e. diehl. ,"southwestern at memphis (a., s.; "
pres.—walter s. davis. ,"trial state college, nashville (s., "
pres.—everett derryberry. ,"tennessee polytechnic institute, cooke¬ "
pres.—^a. b. mackey. ,"trevecca nazarene college, nashville "
pres.—george k. davies. ,"tusculum college, greenville (s.; p.; "
pres.—warren p. jones. ,"union university, jackson (—; bapt; "
pres.—david a. lockmiller. ,"university of chattanooga, chatta¬ "
pres.—c. e. brehm. ,"memphis, and martin (a., s.; st.; "
pres.—judson a. rudd. ,"william jennings bryan university, "
"pres.—d. e. short, jr. ","andrew jackson university (law), "
pres.—w. b. swaney. ,chattanooga college of law (eve¬ 
pres.—robert jlonroe bell. ,"johnson bible college, kimberlin "
pres.—m. don clawson. ,♦♦meharry medical college. nashville 
pres.—w. r. cramer. ,"southern college of optometry, mem¬ "
pres.—halbert harvill. ,"austin peay state college, clarksville "
pres.—charles c. sherrod. ,"east tennessee state college, johnson "
pres.—henry h. hill. ,"nashville (a., s,, *; p.; coed,; "
pres.—j. millard smith. ,"memphis state college, memphis (s.; "
pres.—q. m. smith. ,"middle tennessee state college, mur¬ "
pres.—bro. h. richard. ,"christian brothers college, memphis "
pres.—n. b. hardeman. ,"freed-hardeman college, henderson "
pres.—d. r. youell. ,"hiwassee college, madisonville (—; "
pres.—john c. jernigan. ,"lee college, cleveland (—; ch. of god ; "
pres.—m. w. boyd. ,"college, morristown (s.; meth.; "
pres.—r. e. lee. ,"**swift memorial junior college, rog- "
pres.—james l. robb. ,"tennessee wesleyan college, athens "
pres.—robert calhoun provine. ,"ward-belmont school, nashville (s.; "
pres.—don h. morris. ,"abilene christian college, abilene (—; "
pres.—gibb gilchrist. ,"ville, and arlington. (a., s.; st.; "
"asst, to the pres.—e. l. angell, ","men ; 8,343). "
pres.—edgar howard elam. ,"ior college) (s.; coed.; 1,382). "
pres.—w. b. guerranf. ,"austin college, sherman (s.; s. presb.; "
pres.—william r. white. ,"baylor university, waco and houston "
pres.—joseph j. rhoads. ,"**bishop college, marshall (s.; bapt.; "
pres.—d. m. wiggins. ,"college of mines and metallurgy, el "
pres.—h. d. bruce. ,"east texas baptist college, marshall "
pres.—rupert n. richardson. ,"hardin-simmons university, abilene "
"pres.—thomas h, taylor, ","howard payne college, brownwood "
pres.—sister m. columkille. ,"incarnate word college, san antonio "
pres.—p. c. washington. ,"**jarvis christian college, hawkins "
"pres.—harold g. cooke, ","mcmurry college, abilene (—; meth.; "
"pres.—john la salle imcmahon, ","our lady of the lake college, san "
pres.—nanie belle aycox. ,"**paul quinn college, waco (—; a. "
pres.—^w. y. houston. ,"rice institute, houston (a., s.; p.; "
pres.—louis j. blume. ,st. mary’s university of san antonio 
pres.—umphrey lee. ,"southern methodist university, dallas "
vice pres.—eugene b. hawk. ,"(a., s.; meth.; coed.; 7,031). "
pres.—j. n. r. score. ,"brown wood, weatherford, and te- "
pres.—mrs. j. w. trapp. ,"daniel baker college, brownwood "
pres.—m. e. sadler. ,"texas christian university, fort worth "
pres.—dominion r. glass. ,"**texas college, tyler (fs.; c. m. e.; "
pres.—edward newlon jones. ,"texas college of arts and industries, "
pres.—louis h. hubbard. ,"texas state college for women, den¬ "
pres.—r. o’hara lanier. ,"**texas state university for negroes, "
pres.—william m. whyburn. ,"texas technological college, lubbock "
pres.—law sone. ,"texas wesleyan college, fort worth "
pres.—william h. jones. ,"**tillotson college, austin (s.; p.; "
pres.—monroe g. everett. ,"trinity university, san antonio (s.; "
pres.—e. e. oberholtzer. ,"university of houston, houston (—; "
"asst, to pres.—w. w. kemmerer. ","dist.; coed.; 8,596). "
pres.—t. s. painter. ,"and houston (a., s.; st.; coed.; "
vice pres.—j. o. dolley. ,"17,343). "
"pres.—j. s. scott, acting. ","♦♦wiley college, marshall (s.; c. m. e.; "
pres.—david l. stitt. ,"inary, austin (* ; presb.; men ; "
pres.—lewis sperry chafer. ,"uate school of theology, dallas "
pres.—e. d. head. ,"inary, seminary hill station, fort "
pres.—james g. gee. ,"east texas state teachers college, "
pres.—w. j. mcconnell. ,"north texas state teachers college, "
pres.—harmon lowman. ,"sam houston state teachers college, "
pres.—paul l. boynton. ,"lege, nacogdoches (s., *; st.; "
pres.—richard m. hawkins. ,"sul ross state teachers college, alpine "
pres.—james p. cornette. ,"west texas state teachers college, "
pres.—a. m. meyer. ,"amarillo college, amarillo (s.; c.; "
pres.—thomas m. spencer. ,"blinn college, brenham .(—; dist.; "
pres.—john f. barron. ,"brownsville junior college, browns¬ "
"pres.—m. k. curry, jr. ","**butler college, tjter (—; bapt; "
pres.—o. l. stamey. ,"cisco junior college, cisco (—; c.; "
pres.—h. t. burton. ,"clarendon junior college, clarendon "
pres.—o. o. brandt. ,"clifton junior college, clifton (—; "
pres.—j. l. ward. ,"decatur baptist college, decatur (—; "
pres.—e. l. harvin. ,"del mar college, corpus christ! (s.; "
"pres.—roy p. wilson, ","gainesville junior college, gainesville "
pres.—james b. boren. ,"hardin college, wichita falls (s.; c.; "
pres.—h. f. mossman. ,"hockaday junior college, dallas (—; "
pres.—gerald d. kellar. ,"jacksonville college, jacksonville (—; "
pres.—b. e. masters. ,"kilgore college, kilgore (s.; dist.; "
pres.—john e. gray. ,"lamar college, beaumont (s.; dist.; "
pres.—geo. h. gentry. ,"lee junior college, goose creek (—; "
pres.—c. e. peeples. ,"lon morris college, jacksonville (s.; "
pres.—g. l. prince. ,"**mary allen junior college, crockett "
pres.—mother m. rosario. ,"our lady of victory college, fort "
pres.—j. r. mclemore. ,"paris junior college, paris (s.; c.; "
pres.—g. c. boswell. ,"ranger junior college, ranger (—; c.; "
pres.—wilson h. elkins. ,"san angelo college, san angelo (s.; "
pres.—j. o. loftin. ,"san antonio junior college, san an¬ "
pres.—j. j. delaney. ,"schreiner institute, kerrville (s.; "
pres.—m. e. collins. ,hachie (—; assemblies of god; co¬ 
pres.—j. v. peters. ,"southwestern junior college, keene "
pres.—joe r. humphrey. ,"temple junior college, temple (—; c.; "
pres.—h. w. stilwell. ,"texarkana college, texarkana (s.; c.; "
pres.—william f. kraushaar. ,"texas lutheran college, seguin (s.; "
pres.—b. b. abrams. ,men; 150). 
pres.—h. e. jenkins. ,"tyler junior college, tyler (s.; c.; "
pres.—t. a. roach. ,"victoria junior college, victoria (—: "
pres.—j. w. marshall. ,"wayland baptist college, i’lainview "
pres.—howard s. mcdonald. ,"brigham young university, provo (a., "
pres.—sister m. benedictus. ,salt lake citv (w.; r. c.; wo.; 
pres.—albert ray olpin. ,dictus. 
pres.—franklin s. harris. ,"utah state agricultural college, logan "
pres.—robert d. steele. ,"westminster college, salt lake city "
pres.—joseph l. wirthlin. ,"mccune school of music and art, salt "
pres.—aaron e. jones. ,"carbon college, price (w.; st.; coed.; "
pres.—glenn e. snow. ,"dixie junior college, st. george (w.; "
pres.—james a. nuttall. ,"snow college, ephraim (w.; st.; coed.; "
pres.—henry aldous dixon. ,"weber college, ogden (w.; st.; coed.; "
pres.—frederick h. burkhardt. ,"bennington college, bennington (a., "
pres.—royce s. pitkin. ,"goddard college, plainfield (—; p.; "
pres.—daniel p. lyons. ,"st. michael’s college, winooski (e.; "
pres.—mother colette. ,"trinity college, burlington (—; r. c.; "
pres.—john s. millis. ,"cultural college, burlington (a., "
pres.—john c. linden. ,"state teachers college, castleton (—; "
pres.—william h. carter. ,"state teachers college, johnson (—; "
pres.—rita l. bole. ,"emory and henry college, emory (s.; "
pres.—howard carmer ackley. ,"green mountain junior college, poult- "
pres.—john h. kingsley. ,"vermont junior college, montpelier "
pres.— -. ,"bridgewater college, bridgewater (s.; "
pres.—john edwin pomfret ,"burg, norfolk, and richmond (a., "
pres.—j. l. stauffer. ,"eastern mennonite college, harrison¬ "
pres.—e. g. gammon. ,"hampden-sydney college, hampden- "
"pres.—alonzo g. moron, acting. ","♦♦hampton institute, hampton (s.; "
pres.—bessie c. randolph. ,"hollins college, hollins college (a., "
pres.—r. b. montgomery. ,"lynchburg college, lynchburg (s.; "
"pres.—frank bell lewis, jr. ","mary baldwin college, staunton (a., "
pres.—theodore h. jack. ,"lynchburg (a., s.; meth.; wo.; "
pres.—charles j. smith. ,"roanoke college, salem (s.; p.; "
pres.—martha b. lucas. ,"sweet briar college, sweet briar (a., "
pres.—geo. m. modlin. ,"(a., s.; bapt.; cord.; 3,019). "
"pres.—colgate w. darden, jr. ","and fredericksburg (a., s.; st; "
pres.—m. l. combs. ,"versity of virginia, fredericks¬ "
pres.—walter s. newman. ,burg and radford (s.; st.; coed.; 
pres.—david wilbur peters. ,st.; wo.; 741). 
pres.—luther h. foster. ,"♦♦virginia state college, petersburg "
pres.—m. c. allen. ,"college, lynchburg (—; bapt.; "
pres.—j. m. ellison. ,"♦♦virginia union university, richmond "
pres.—francis p. gaines. ,"washington and lee university, lex¬ "
pres.—henry wade dubose. ,"for lay workers, richmond (—: "
pres.—william t. sanger. ,"medical college of virginia, richmond "
pres.—j. alvin russell. ,"♦♦st. paul’s polytechnic institute, law- "
pres.—l. p. hill. ,dayton (♦; evan. u. b.; coed.; 
"pres.—benjamin r. lacy, jr. ","union theological seminary, richmond "
pres.—samuel p. duke. ,"madison college, harrisonburg (s., *; "
pres.—dabney s. lancaster. ,"state teachers college, farmville (s., "
pres.—curtis bishop. ,"averett college, danville (s.; bapt.; "
pres.—john d. riddick. ,"blackstone college for girls, black- "
pres.—chas. l. harman. ,"bluefield college, bluefield (—; bapt.; "
pres.—w. b. gates. ,"fairfax hall junior college, waynes¬ "
pres.—luther j. derby. ,"ferrum junior college, ferrum (—; "
pres.—henry e. horn. ,"marion college, marion (—; luth.; "
pres.—l. p. hill. ,"shenandoah college, dayton (s.; evan. "
pres.—margaret durham robey. ,"southern seminary and junior college, "
pres.—john c. simpson. ,"stratford college, danville (—; p.; "
pres.—w. e. martin. ,"sullins college, bristol (s.; p.; wo.; "
pres.—r. l. brantley. ,"virginia interment college, bristol "
pres.—r. franklin thompson. ,"college of puget sound, tacoma (a., "
pres.—francis e. corkery. ,"gonzaga university, spokane (w.; r. "
pres.—s. c. eastvold. ,"pacific lutheran college, parkland "
pres.—john p. mccormick. ,"st. edward’s seminary, kenmore (w.; "
pres.—raphael heider. ,"st. martin’s college, olympia (w.; r. "
pres.—c. hoyt watson. ,"seattle pacific college, seattle (w.; "
pres.—albert a. lemieux. ,"walla walla college, college place— "
pres.—wilson compton. ,"state college of washington, pullman "
pres.—raymond b. allen. ,"university of washington, seattle (a., "
pres.—george av. bowers. ,"walla walla college, college place (w.; "
pres.—aa'inslow s. anderson. ,"whitman college, avalla aa^alla (a., av.; "
pres.—frank f. warren. ,"aa^hitworth college, spokane (av.; "
pres.—robert e. mcconnell. ,"tion, ellensburg (w., ♦ ; st.; coed.; "
pres.—aa’’alter isle. ,"tion, cheney (aa ., * ; st.; coed.; "
pres.—sister ai. elizabeth clare. ,"holy names college, spokane (w.; "
pres.—w. w. haggard. ,"tion, relling.hain (w., * ; st.; coed.; "
pres.—f. gaiser. ,"clark college, vancouver (—; st.; "
pres.—j. f. marvin ruecliel. ,"everett junior college, everett (—; "
pres.—turfield d. schindler. ,"lower columbia junior college, long¬ "
pres.—paul furgeson. ,"wenatchee junior college, wenatchee "
pres.—wilbur haverfield cramblet. ,"bethany college, bethany (a., n.; "
pres.—r. r. ihirdum. ,"davis and elkins college, elkins (n.; "
pres.—m. j. horsch. ,"west virginia institute of technology, "
pres.—john w. da.vis. ,"**west virginia state college, institute "
pres.—irvin stewart. ,"town and keyser (a., n.; st.; "
pres.—william john scarborough. ,"west virginia wesleyan college, buck- "
pres.—h. l. dickason. ,"**bluefield state college, bluefield (*; "
pres.—virgil h. stewart. ,"concord college, athens (n., *; st.; "
pres.—george h. hand. ,"fairmont state college, fairmont (n., "
pres.—harry b. heflin. ,"glenville state college, glenville (*; "
pres.—oliver s. ikenberry. ,"shepherd state college, shepherds- "
pres.—paul n. elbin. ,"west liberty state college, west "
pres.—g. c. hedrick. ,"beckley college, beckley (—; p.; coed. ; "
pres.—french w. thompson. ,"greenbrier junior college, lewisburg "
pres.—carey croneis. ,"beloit college, beloit (a., n.; p.; "
pres.—sister mary ignatia. ,"cardinal stritch college, the, mil¬ "
pres.—nelson vance russell. ,"carroll college, waukesha (a., n.; "
pres.—nathan m. pusey. ,"lawrence college, appleton (a., n.; p.; "
pres.—edward joseph o’donnell. ,"marquette university, milwaukee (a., "
pres.—carroll l. hill. ,"milton college, milton (—; p.; coed.; "
pres.—lucia r. briggs. ,"milwaukee-downer college, milwaukee "
pres.—edward a. fitzpatrick. ,"mount mary college, milwaukee (n.; "
pres.—lewis henry brumbaugh. ,"northland college, ashland (—; p.; "
pres.—erwin e. kowalke. ,"alverno college of music, milwaukee— "
pres.—clark g. kuebler. ,"ripon college, ripon (a., n.; p.; "
pres.—theopbane kalinowski. ,"st. francis college, burlington (—; "
pres.—b. h. pennings. ,"st. norbert college, west de pere (n.; "
pres.—edwin b. fred. ,"university of wisconsin, madison (a., "
pres.—mother m. corona. ,"alverno college of music, milwaukee "
pres.—job. p. meyer. ,"inary, thiensville (—; evan. luth.; "
pres.—aug. t. zeller. ,"redemptorist fathers’ seminary, ocon- "
pres.—a. helmuth koepke. ,"wisconsin conservatory, incorporated, "
pres.—sister m. augustine. ,"alverno college, milwaukee (*; r. "
pres.—sister mary hope. ,"edgewood college, madison (—; r. c.; "
pres.—jim dan hill. ,"state college, superior (n., *; st.; "
pres.—w. r. davies. ,"state teachers college, eau claire (* ; "
pres.—rexford s. mitchell. ,"state teachers college, la crosse (n., "
pres.—j. martin klotscbe. ,"state teachers college, milwaukee "
pres.—forrest r. polk. ,"state teachers college, oshkosh (n., "
pres.—chester o. newlun. ,"state teachers college, platteville "
pres.—e. h. kleinpell. ,"state teachers college, river falls "
pres.—william c. hansen. ,"state teachers college, stevens point "
pres.—robert c. williams. ,"state teachers college, whitewater "
pres.—verne c. fryklund. ,"stout institute, menomonie (n., *; st; "
pres.—sister m. theodine. ,"viterbo college, la cross (—; r. c.; "
pres.—leroy c. rincker. ,"concordia college, milwaukee (—; "
pres.—weimer k. hicks. ,"wayland junior college and academy, "
pres.—george d. humphrey. ,"university of wyoming, laramie and "
